,EBS_GA,Ensemble,LSA,MaTGA,MFEA,MTEA_AD,S-MFEA,S-MFEA-KL,SBS_GA
0,1.043080448730823e-05,0.0,0.0,0.004181733596623633,16.288013618479894,116498.60085118093,0.0,0.0,1.8984391916298334e-05
1,1.353950484440415e-05,0.0,2.6366276892284014e-06,0.00352544040044589,16.567638551649505,115089.67320474688,0.0,0.0,1.910601419992452e-05
2,1.4127291329255015e-05,0.0,0.0,0.0038427677119137497,16.21638361676754,118876.77980409747,0.0,0.0,1.730426766759533e-05
3,1.2778358360218197e-05,0.0,0.0,0.006113835170435038,17.672651897679824,118046.16469925409,0.0,0.0,1.6958124642338686e-05
4,1.2348267144463134e-05,0.0,0.0,0.00328355094352054,16.738647768009006,115578.6721924691,0.0,0.0,1.6575786498492703e-05
5,1.1420234178157167e-05,0.0,0.0,0.0032407147971626705,16.96262923164448,116002.36972250277,0.0,0.0,2.005552998446109e-05
6,1.122835735385496e-05,0.0,0.0,0.003792041581165878,15.20365683126579,116237.08433694407,0.0,0.0,1.952067035791304e-05
7,1.100937524834478e-05,0.0,0.0,0.0035770114574964107,16.711837141327404,116969.53319604837,0.0,0.0,2.0775534466737472e-05
8,1.1299746393851114e-05,0.0,0.0,0.0041380506597274965,16.530717100069918,117767.76203286664,0.0,0.0,2.2865519046983727e-05
9,1.2197399955441613e-05,0.0,0.0,0.0038992628197447024,16.947729893954882,117007.11644580368,0.0,0.0,1.8212244880953102e-05
10,1.1958303927829743e-05,0.0,0.0,0.0036080047428948864,17.194860991171637,115050.71607966769,0.0,0.0,1.8860936070521316e-05
11,1.0470413359199088e-05,0.0,0.0,0.0039002069068469476,16.20997911684793,117122.71847145296,0.0,0.0,1.6403286515529847e-05
12,1.3619600153819509e-05,0.0,0.0,0.004089939067669481,16.473473245547833,116423.01380957906,0.0,0.0,1.765134964100581e-05
13,1.3067985207365725e-05,0.0,0.0,0.0034728673451444583,15.959188318267021,117668.8446868369,0.0,0.0,1.7855131822988985e-05
14,1.1916622144571847e-05,0.0,0.0,0.0034198840590991494,16.286175777651536,115469.30501411668,0.0,0.0,2.0383232777742612e-05
15,1.228789628949333e-05,0.0,0.0,0.004457552889579094,17.05880346832794,119251.2629981645,0.0,0.0,1.8631585728309572e-05
16,1.2996387720794129e-05,0.0,0.0,0.005024263893103619,16.827322792312255,117114.98952169948,0.0,0.0,1.6904548460454705e-05
17,1.1524126126843875e-05,0.0,0.0,0.0038202394506325027,17.029261783391533,117325.993850457,0.0,0.0,1.8739205473167446e-05
18,1.3701609207359589e-05,0.0,0.0,0.0044971352642534206,15.10739918434859,118222.09076156594,0.0,0.0,2.0340893352445284e-05
19,1.2649613986695194e-05,0.0,0.0,0.0027380470173400855,16.926848411152818,118036.35991104982,0.0,0.0,1.6632337396823516e-05
20,1.1915207226829682e-05,0.0,0.0,0.00428044636701029,17.097460026279705,117176.25188789437,0.0,0.0,1.7765617945260378e-05
21,1.135464418940791e-05,0.0,0.0,0.0027947645004524025,17.99742936027337,114763.10702720562,0.0,0.0,1.7172802063688595e-05
22,1.0917385377678832e-05,0.0,0.0,0.004739765686580047,16.651950555818203,115339.21358017248,0.0,0.0,1.6638894408383496e-05
23,9.845855052665448e-06,0.0,0.0021060012109473396,0.004056399296986936,16.332903142030947,115091.66950012727,0.0,0.0,1.6929992868023857e-05
24,1.3713565253415574e-05,0.0,0.0,0.004878348228037861,15.198110663995182,119038.01193459939,0.0,0.0,1.9304424658811242e-05
25,1.2166821002169491e-05,0.0,0.0,0.003597701666524052,15.748356933435941,115704.48431691444,0.0,0.0,1.7765192735831144e-05
26,1.2302078605070647e-05,0.0,0.0,0.003520400927855786,17.082509570669416,116239.65957392796,0.0,0.0,1.650010910545185e-05
27,1.1099489672022079e-05,0.0,0.0,0.004895538116376284,16.397119061795824,114362.79406481454,0.0,0.0,1.697036899486731e-05
28,1.3094694132538619e-05,0.0,0.0,0.003969335680159712,17.110162188535586,113960.52956069665,0.0,0.0,1.9051529864894753e-05
29,1.2126040173688382e-05,0.0,0.0,0.0049507447280831,17.017305165819376,117267.43270294472,0.0,0.0,1.7628077940812012e-05
30,1.2984129349225676e-05,0.0,0.0,0.004819873212325714,17.72487913125771,116546.66962120718,0.0,0.0,1.816053794295978e-05
31,1.462416180093845e-05,0.0,0.0,0.0030353051401989244,16.404910996277977,116574.30677443136,0.0,0.0,1.544653486978043e-05
32,1.1292494005291451e-05,0.0,0.0,0.003854074835603867,16.798078748538174,115182.64821130458,0.0,0.0,1.6857906980933393e-05
33,1.1162214886413821e-05,0.0,0.0,0.0034303281527670736,16.90371514504413,116820.91011903701,0.0,0.0,1.805417382234463e-05
34,1.1782201799528748e-05,0.0,0.0,0.004520454796722751,15.876935280920248,116873.02646903272,0.0,0.0,1.6859496713266867e-05
35,1.4022234961883809e-05,0.0,0.0,0.003503757089642057,16.757036869360324,118588.1376463808,0.0,0.0,1.8716910357181882e-05
36,1.184438878136025e-05,0.0,0.03974568215642247,0.0037698210724998733,15.306520763841847,118202.73014978027,0.0,0.0,1.800003464114558e-05
37,1.2373724978349402e-05,0.0,0.0,0.005014217523575224,17.284503937224926,114931.40411275442,0.0,0.0,1.853191004414113e-05
38,1.0998484069036659e-05,0.0,0.0,0.0036794255969750415,16.77578180985046,116856.8573997361,0.0,0.0,1.7087025446611666e-05
39,1.0949628453427215e-05,0.0,0.0,0.004174215026566564,17.237149097444497,116840.3329154252,0.0,0.0,1.8917060024518977e-05
40,1.064629805637664e-05,0.0,0.0,0.004451808294142336,16.458437911759304,118929.66766569471,0.0,0.0,1.7337646989455243e-05
41,1.2699256763857592e-05,0.0,0.0,0.004428205777451764,16.513809605724017,116509.92557203025,0.0,0.0,1.8113586080696816e-05
42,1.1625005110136294e-05,0.0,0.0,0.004175843916367119,17.46131198322008,116544.3436516831,0.0,0.0,1.8676983125701025e-05
43,1.1652554916143978e-05,0.0,0.0,0.005178066937875842,16.51516706963611,117416.85450577925,0.0,0.0,1.595511414760564e-05
44,1.1632530170453459e-05,0.0,0.0,0.0037704407720714583,16.415415617960715,118086.24723932755,0.0,0.0,1.9514895511518665e-05
45,1.2205437592345095e-05,0.0,0.0,0.00408182607078669,17.41270762055888,115664.44555657174,0.0,0.0,1.6508105654443455e-05
46,1.153821178428429e-05,0.0,0.0,0.00406993592936361,17.02806521901471,115716.3856059937,0.0,0.0,1.9560949894896355e-05
47,1.3094783992164439e-05,0.0,0.0,0.004140367384343451,15.957930460251204,116707.23752037938,0.0,0.0,2.0348102132701495e-05
48,1.2699202167562229e-05,0.0,0.0,0.003974873135611488,18.336216980127283,116247.57703623796,0.0,0.0,1.7666249875041827e-05
49,1.2095021371773654e-05,0.0,0.0,0.003919095274599007,16.273267607576205,116831.17596158678,0.0,0.0,1.7363154604826652e-05
50,0.11751658316216974,0.0,0.0,0.029396387446028346,20.144513817582993,21.406402694061207,0.0,0.0,0.003041764973382081
51,361.47916544035684,153.86237974015498,118.33990685952118,97.00749158761725,633.8599977440537,36354.61219540678,119.46357012540423,121.07264915674116,361.9910381973848
52,0.000653091458038568,0.0,0.0008216540702843352,0.007829841971424582,0.5719112629791161,37.48228696967735,0.0,0.0,0.0007892263421363188
53,4.060836606653609,10.89093684388441,16.34640698588669,4.956634192705526,48.40116949465596,42.56480233704017,15.39819362902156,16.331235453907688,4.5355844871435105
54,10919.347969937453,5022.383910351671,5594.8082069934935,7077.0883103161195,6007.007178712888,16896.952521640163,4643.363524652047,4884.974966808129,11941.88456901027
55,0.1041458239819306,0.0,0.0,0.05674142154940109,20.167432170532493,21.407091383821736,0.0,0.0,0.0034612378748183855
56,360.7919462995935,112.87549027930837,118.8183734569137,93.51509780920013,638.2873343657772,36240.04586522922,118.5700827327166,115.84417599727179,326.4574115146915
57,0.0006501336621492184,0.0,0.001232025471500894,0.00601955457472314,0.5887035756644268,36.39038662749542,0.0008218921245188304,0.0,0.0008546702407775826
58,3.818758950320512,12.390112112061194,16.538636313928816,6.282398546366637,49.16388248061729,42.71663331492868,15.870904665659985,16.75211486784716,3.995143408082668
59,11316.536303447467,4979.867544527356,6005.152592022911,7651.803447572899,6319.484681123528,16852.805075769375,4463.532724462861,4535.590670893155,11480.720228722957
60,0.08302624851621458,0.029992821620212846,0.0,0.02382711647262181,19.643880898999367,21.404700317184698,0.0,0.0,0.004137256738811283
61,349.5708487548107,128.01245474237024,131.50245725901007,97.55098496508985,628.6263407225291,35946.32720836284,115.62196813151614,95.33460781700198,366.2749787532119
62,0.0005950335164992584,0.0,0.0,0.005713786905547411,0.5648545082283932,38.31015781285229,0.00024653492278268183,0.0,0.0008589105544138432
63,4.241614749458518,12.684813569298486,16.32898224250367,5.5331491095199405,47.47139942438397,42.740712791472355,16.157574972945692,15.318750610072772,4.234099855142602
64,10740.321978029797,5050.06055239975,5120.205191354357,6933.167974816438,5602.394199799464,16674.51768000184,4633.025720829945,4271.261123551241,11269.983503076483
65,1.4622501469504956,2.0653665277336493,0.0,0.02369142868584862,20.1833806940765,21.4117951599887,0.0,0.0,0.005382671644302947
66,370.0597385890609,136.2409222940508,99.12500126291252,91.54136374674847,632.7350294448246,36894.55925471302,102.44859178773523,92.7062158397004,354.57174495735654
67,0.00111856517720902,0.0,0.0,0.006366129479463975,0.5922557090198314,36.05221815216302,0.0,0.0,0.0007716395674820163
68,4.669101238334759,13.519725316632305,17.003749713764304,4.242853755243477,48.845079112226664,42.792628036876955,17.328169102229953,16.420282644158586,3.8360243222923485
69,10512.14969275577,4481.177413803221,5336.076341970039,6915.7450940339995,5949.266011209952,16697.488979658796,4711.447835457376,4437.878080255034,11562.175992263736
70,0.05058855599634815,0.0,0.0,0.028241188737017055,19.184934878926935,21.40604989536882,0.0,0.0,0.0032204342813002234
71,351.9059586962285,134.38305874730042,110.36208080835893,89.96834635624737,629.7844810566054,36483.776781558285,115.85522124835205,103.23119885568293,367.049771094291
72,0.0006598400401532225,0.0,0.0002465436567338768,0.00676266135707604,0.6045958372205366,37.9594934317735,0.0,0.0,0.0010025308073336222
73,3.3079177849230024,9.980169671027946,16.937707349070198,3.7256979122750247,48.36939254067057,42.78295809460884,16.358724817841225,15.823108392442656,3.2578546829828197
74,9806.391898889147,4404.0938691305455,4674.601301965053,6731.300450706746,5497.7491987532385,16380.56573283068,3831.888189559186,3796.6641383458846,10430.955063915599
75,0.9990244892402698,0.6850909088848842,0.0,0.690080269968957,20.170893009315638,21.39186858394619,0.0,0.0,0.0038820130610112695
76,359.3362272721553,132.20248288162645,98.63502176306339,93.51183392440176,654.9336280163335,37070.054995317914,102.29983971894181,133.7557459467624,350.1477063194246
77,0.0005926984442805144,0.0,0.0002465415353069778,0.007372892688534272,0.5879510945060977,39.47924872973916,0.0005753573192220103,0.0,0.0008355236683943586
78,4.272108523982298,11.444058653828096,18.205169524192915,4.2034354241218095,47.97659213598716,42.49813209535014,15.737937203184806,16.4605846762012,3.9196250121993215
79,10872.2644553507,4755.577797346881,5282.336084342396,7091.649890234947,5921.984431951539,16906.55124589654,4051.4398192808335,4291.034733107809,10642.72091010591
80,0.011710310268629858,0.0,0.0,0.030828799048955854,19.613603360738768,21.395610675537185,0.0,0.0,0.003854666086935565
81,340.770460857857,152.04330771014995,148.40112211038138,101.56897810553441,619.657048185651,35455.132167601136,132.16746773336925,70.44652031191326,348.78967004343156
82,0.0006886239215461026,0.0,0.001396762347652042,0.006374572361842939,0.5893706035523123,37.90123825916986,0.0,0.0002465365105598879,0.0007851933299754881
83,4.880105017483192,11.106148381757695,16.883882757442624,5.406729856492131,48.368317571944566,42.8510223301311,16.49064001371825,13.981677772974168,4.558554000850915
84,11131.523662786874,4991.372559390903,5118.61924871188,6484.527518151669,5478.563739232137,16662.31882565503,4784.101253964881,4188.931321210484,10870.824772379123
85,0.43098115956462696,0.0,0.0,0.046462188555169266,20.161683698814887,21.407410048383937,0.0,0.0,0.003568932626611051
86,359.0486363060634,136.42615194713457,151.9374339854094,95.25282151125732,641.5330068293537,34115.29483284711,95.2354792179302,78.96878949519666,371.8681040874406
87,0.0009165805232361106,0.0,0.0009037824768642907,0.008029018811867015,0.5921663965828085,37.55735996213934,0.0003285764703538511,0.0004930697620366317,0.0007477564999157463
88,3.951800963960168,10.483358344065282,17.980612479375164,3.7466188714698956,48.45669454100176,42.68027348437976,17.822993243386748,16.10967866190816,4.350939079890648
89,10876.711310439738,5397.686648768896,5370.154469822825,7229.99370317035,6417.378834699458,16993.268022004122,4404.160448179925,4820.905639474505,11303.12663408078
90,0.4024657617821567,0.0,0.0,0.023422795143283232,20.1631021628712,21.41467649484844,0.0,0.0,0.0037742501142302284
91,364.29858978561185,147.76914574834106,156.63844206636722,95.08928942684265,677.789605724463,38724.37106271904,88.53290253372525,122.0079246489177,361.41348515079227
92,0.0009286585908800427,0.00024653497132094335,0.0012315336429746012,0.007368896339413068,0.5958126210481017,36.416446441985855,0.0,0.0,0.000775022075841043
93,3.448636094608776,10.471335252045833,16.39570868805687,4.2565933887872935,49.768547559837465,42.63789552616685,17.922247964815103,15.362577467725332,3.9612049503229554
94,10282.796498777107,5181.9707353147305,5734.703185674706,7054.423130741556,5978.040769949071,16699.50906542566,4611.020311172159,5319.097295011996,10533.004726347184
95,0.46103199954485075,0.6865288470612375,0.0,0.025708677061809425,20.181027851877044,21.388530084430805,0.0,0.03850495364863985,0.004687044898349564
96,365.0384915819795,113.11847199600108,143.78914364496953,101.95061231119294,658.4226776665088,34782.56071595245,99.80878951584322,91.95049481033152,372.38854650817865
97,0.0006619368361325761,0.0,0.0008216537904529726,0.0064811927291446485,0.579085013906866,35.93446574427981,0.0002465349754440127,0.0,0.0009156509624054591
98,5.585158139302754,10.45232047000356,15.76887061577416,5.323000213905166,48.79143399765514,43.01048589227155,16.887316780165712,16.609283918408405,4.432213829640205
99,10290.36672768794,4659.249712220147,4932.760840104602,6541.438843730623,5559.566526467449,16439.700292673773,4343.234961781216,3786.5131709238535,10647.992469942781
100,317.2247088250369,238.51300226030037,106.22161984840963,129.30255268407254,32326.854980844222,4129867502.973499,240.72176891486933,140.92579001659908,102.39797249699588
101,732.5735832184693,166.03662606975456,609.4355394484397,461.8686921087215,23163.06809827716,4341027371.376525,260.01552880276154,166.6344235696558,190.0468190883591
102,475.4285327818912,95.10015431575947,120.2251907418149,186.57646099761945,32919.59682142176,4064769754.154301,271.81580370249014,119.40161135804998,121.22772762242593
103,357.148713111472,60.41558080143924,107.54225264370868,158.2911083151545,35546.084120429114,4336191661.912488,275.8356867420823,174.0656526295778,198.13014538297284
104,486.39137062477494,175.938703344438,163.50343387348673,522.5865362707336,24975.62077058883,4191269595.511723,248.71493027413445,179.6081395537731,247.7317976465911
105,454.3265899925917,82.46667743061725,226.94977969313157,431.371491754658,27151.239515765887,4193963435.100078,193.14559803505898,214.50729896558684,139.1395190697075
106,806.7686020250354,77.97281252548116,108.01408193434341,438.03916511083156,30504.65860261916,4278961682.3094945,281.77068826536157,182.33387708826874,129.88995656494993
107,570.2035501001678,68.42662755963316,112.31838582247488,373.6457758885553,35457.976422456784,4272581612.5800023,203.2138419318485,102.50120204506788,178.35060838342727
108,400.0913395658269,148.178010998269,152.6899345656457,488.647276327809,29283.382179201224,4155153537.28186,278.0207071389633,171.45531591779906,242.82307340189234
109,264.97147559275976,88.44304195098744,75.63505784843618,302.39183096947255,34529.1219135462,4045702917.7154818,326.16077469903644,263.36326676620473,124.50083019294426
110,152.4182137281592,112.06279158965795,221.93088477598275,251.83162839475153,31210.10617286633,4244402848.162685,321.24968289804735,116.49691886363354,166.83976983454065
111,551.2059724042464,179.47918033335975,111.10331993519729,234.2093653224519,26342.527243449345,4187707053.4790616,179.0421823584458,115.97669931621165,126.21875258416229
112,172.41138899663235,131.43471051529482,154.19961392654514,191.00376135763693,29814.033422830747,4003076017.1506915,423.1675815950432,219.91939962031736,239.7114563574207
113,254.9306147026809,205.69263146003746,184.21840341211498,86.46111329534322,31554.00772042308,4264304339.3873453,243.84670781399552,128.12496120226737,179.81473119548363
114,284.982856268287,119.51004185782888,156.52226115148179,666.2109150321954,27976.4813393685,4076467774.992763,351.75287217382436,302.7044400526745,242.16417776836533
115,538.5351319330786,82.03911287932466,80.90944942629464,165.77572905194845,28119.137089397445,4211201088.8875875,203.42344058696094,162.59444502537497,92.13504427927711
116,545.1723824124815,130.52195544214737,88.77391651654052,373.1892127512491,32267.730956817944,4079707069.591827,122.2200162091332,158.22916278484092,147.49398939165843
117,662.2292890280404,121.6211085806429,171.05365338628656,518.255774354871,23217.72933016776,4201182506.968963,419.87845096066735,234.28658600344943,235.7700740278188
118,180.37371993182268,49.609813324308995,135.56786980773316,238.755148930878,28564.123726521942,4081945289.718644,193.22403976658975,186.56179535823156,105.67712430129482
119,549.4997392295841,128.40297568758032,119.19369407054238,448.8445241946102,33256.34409026731,4245981209.1966276,110.96605673703446,87.64283341877682,92.1139245097233
120,221.70347081549718,93.46036249519236,155.46910551826346,270.7397616648184,31016.29892501665,4166787667.0925946,254.63426709475794,178.68472180723586,181.04813924813666
121,298.0477215542414,67.92905590292042,96.46940495751583,222.38812328790385,31542.845481819008,4209974850.5159464,234.71806902715562,178.95313053269533,71.94663397485891
122,325.9532076352995,275.7370317241944,220.12772042180765,333.47383939116423,29186.48257800713,4205691813.8967633,198.02592946329426,145.59964263801336,149.4500544126332
123,642.1505575482479,233.85607665808692,93.296682716533,375.02264872078916,32025.844336277463,4224605676.8192945,237.5910103036136,97.85880800593281,124.33118983963143
124,557.4092684043894,155.14975534139091,146.64001201499235,230.92557678544173,34890.391039198126,4203385517.676162,254.6819104484627,298.9857221159528,158.7850318048107
125,554.7903423326733,65.32309837210853,95.15001816618998,118.97941267306977,35702.43186075682,4065918641.659496,210.61670957238647,83.49671529091239,146.40253877310906
126,636.0273281632532,168.68362595264733,145.46069195753887,255.68670220071004,25821.433093892654,4328806060.648243,250.26558676758188,140.6707254719158,161.19097372778108
127,637.4630455863845,154.370398838184,109.39551964581867,252.33441555770085,28898.370729181224,4245487002.750884,252.17098064513345,195.6766195302055,186.079015437629
128,248.1181262963674,59.62928481245298,101.57063563166638,214.52854552853174,35252.058331546694,4160540341.9837337,227.45322561396637,107.4857527933241,124.27256082417213
129,967.910991783171,240.36832206363425,147.10078129505112,391.4509219306075,23719.47365632859,4014341607.1220546,468.8516630972934,464.07463124062275,304.87488546625275
130,590.1949465439285,106.2191111953927,114.17769248184605,379.1238763798404,26101.14547847211,4137039049.708156,252.79796950557946,225.2928131345714,271.45841442074476
131,605.9401757027445,206.71119964531863,131.39096903290692,507.8467155287254,27101.676035727294,4124799225.9487414,148.59494526973916,163.55671151091354,189.80257803148717
132,407.5654184247663,51.75298864812357,86.1733065449551,186.61037774899827,35033.604675108225,4122826497.8695536,96.5751785802108,112.71299731988678,115.5151204830522
133,378.4327644497643,59.10300894644268,127.46840242931465,95.05907506437173,31060.937847709516,4125487186.6398134,308.92356173023444,328.4407641807407,161.53588482832768
134,261.33932889304174,57.66998672028843,85.03489267546075,446.4930920818259,38123.34652632465,4226751992.8451734,224.33096673597157,155.2846495937412,171.37734691905283
135,560.65639932647,103.7509137806181,157.59025693370828,246.17337202667593,29475.5828380573,4009669942.7689524,290.6964467661822,135.3059041781268,127.75409743613501
136,325.0528910425284,58.20010991009839,114.46317779336651,349.25384854540914,34641.56303836604,4038153852.7722898,287.97629528321244,87.90665006266762,105.84038892410034
137,683.7630757739208,191.1716950663717,149.73499452770008,293.42586796848184,29255.32204504914,4066262398.0345583,282.27126264394843,197.1379947172157,119.39477069305482
138,664.0163378174827,273.5468413682069,258.87631148070426,333.85117329031715,25021.326725450355,4002377182.86031,566.17222572177,435.0580008578109,321.95369645927957
139,523.7692944875781,248.1915924021508,131.52650093737023,569.7425085340275,25581.264246919458,4100687013.6859326,302.96409252850566,172.56248171113504,204.38687344457654
140,646.136551345662,101.33979222058316,254.12305098889377,301.5895615508378,25034.091261098405,4077650763.7078085,314.35339140870377,198.36057368937463,244.29639645009436
141,511.04056477721355,97.26078528127009,101.14170199702419,371.9659285815912,30567.35318311676,4180964529.210616,444.13104883932033,224.39268647175507,344.3040684529012
142,137.03177839423563,56.81892219890344,86.97872409407199,228.00502890912963,35967.739071452415,4248078839.1202893,200.53220047050067,151.2626318292525,75.1264011874391
143,455.8828627422877,68.37596864815663,148.8511218071186,242.1918911364862,31792.658815685307,4011743753.086532,276.40861594406863,114.22799886362988,367.9455505235057
144,387.766361792131,92.59217764531348,150.5570286404235,456.1993864604428,26938.559441667636,4275070121.666244,254.85934450206176,314.9132501367416,287.3926664656747
145,687.5726801579004,158.22246092448626,102.98731655082098,280.1222928031,28651.973195549424,4059780426.452518,247.08573162922056,229.12887189495402,250.79227078476373
146,416.44870081501665,118.43791911229954,212.990424872966,501.93665915265404,26294.988427990473,4046936019.5993967,325.26900246723574,175.63507430754342,307.9451571046939
147,529.5095502165935,105.90206808382818,196.22003320927618,372.0396126533686,26352.250437765262,4217211767.771114,367.71351235171494,267.7711388299262,279.5688921860993
148,384.2062977583245,169.06968996052885,323.8646849329446,312.9921617903472,29474.84494878562,4252143331.3816843,300.4858337133592,175.67956513758998,215.39053790190763
149,399.4993730769706,135.82461623301586,67.64243123532766,380.3647215256739,30735.7370851415,4192640291.713165,227.3214617995325,105.01559466426791,157.03344404638116
150,373.26102034665934,97.390717739899,212.53275803399626,100.28743460207671,491.6721387118882,29368.796882231723,80.6912382258613,117.69972502806846,369.6814547912509
151,377.5438774787703,101.3688514998353,171.86350058018897,97.13321041256496,494.3728446858191,30225.92883481411,103.8095464988427,115.65813992842843,368.3134429125419
152,382.1249932681529,77.83057159802951,129.1747238384692,95.50339081883608,487.9846370758764,29375.035372464798,123.4526148265025,100.512258987144,368.39068244122916
153,371.1708723324567,73.02912194927923,180.22710443102125,91.72923888721654,496.7789268489765,29919.263127382354,138.67042746685027,122.5631627922104,345.1043321042087
154,343.49077421781107,90.11771268366243,190.90955495839833,93.45660074350239,505.0686739684101,29851.793251557476,108.93766771070231,107.48315228772944,364.33743388527176
155,371.28484600841443,93.11477086895236,135.82193177898856,98.25477410562264,514.5546987195644,29242.161638921334,119.56994953337562,92.19185423061475,352.8213008755354
156,336.279894806643,84.09762997925708,209.3750913983086,92.8331212000994,486.3127465379929,29734.320535787116,96.9991582625259,84.74115899570945,364.19388538846147
157,366.56277206579574,81.53223002647465,175.96416738498345,102.72814978448514,502.8454665961048,29562.430334944165,108.62425478385245,91.70210612153296,355.06169695889736
158,361.95652690477,101.87906630617941,221.0627284645905,98.2002277695115,498.7704062795347,28778.067408722334,104.48503648735483,107.32332698503528,352.6731829382892
159,361.8003492548802,73.15881171213131,212.01044589374663,93.75071776675621,489.70438309351124,30284.19058804578,89.07089348208284,119.4242675361982,377.48264861074125
160,373.3333150053658,81.31842416135895,269.8441046107245,92.54777097112672,511.02104498169814,29664.643532976035,95.1114018507153,118.61449839392321,351.1365816311298
161,339.06304167311947,91.0869599405927,222.43879111158395,95.44021404660951,514.5093865207326,30541.613382197476,87.08247089020855,96.16254096654588,363.21599845451595
162,340.97918693599246,74.41751199706151,219.1860803223435,95.92983865611983,510.7416636119737,29773.350462099996,110.26533380839614,84.18937223494643,357.7545412500574
163,383.09167329061944,105.38532943701048,185.29071619833275,103.82004778053064,538.8063237839198,29825.710256384915,99.23875401364994,98.23939263636773,368.785043242553
164,369.4976945861575,119.45699320119003,191.0848624242141,97.59479392457509,502.9411746982095,29591.160884047047,149.19735068227337,113.46561432871047,356.00996456109476
165,360.36387769060804,84.18691848036609,209.19203998156712,94.28519463682916,530.2290980469405,29802.698645620265,100.99991724286072,91.59033611621449,370.72872230079525
166,330.5345198982414,85.54085508229706,222.95341460590862,99.1677671489988,527.9423046331793,29681.35018984507,97.65523889619053,107.79352652563567,364.7997312864463
167,358.20394906407944,80.99721161444502,168.2010718029911,96.70335173077335,494.8264445370115,29783.578438499826,90.44958238682574,97.46076121381817,355.6883545336786
168,353.286422302519,76.51477775778295,148.42363485208344,85.70843215805206,478.05157456519333,28868.972151080616,122.599102375963,117.87252065606796,361.7022434554072
169,325.3062452237944,77.84764430256625,219.74089266020658,98.45620548239047,551.1163411569815,29522.997983146193,108.13445694105108,104.86789262745339,364.86783733651157
170,353.0209761194668,78.29246201758956,175.69482087885206,98.64783718610049,494.5496267196468,29591.284754722412,146.80013547975074,105.02515297687181,354.9845024024199
171,355.57447307086113,84.12593449082179,157.44253566586247,97.4917733489656,504.0126401897647,29481.887620232774,112.8306749735122,81.66574732720181,364.75943239572194
172,360.99905042030446,90.85656016840997,175.1506316933483,105.23825779494003,533.7455455874332,29802.727666310417,114.48356464556336,114.7081588415613,365.6368051760947
173,365.31484020002785,72.30265602748781,162.14268865792474,88.53138780083464,475.0112149395322,29589.2109413736,93.39397326695341,90.50242520196497,371.16264957072895
174,354.9896706474858,71.68353267837777,178.42562484744846,96.00521666490856,503.9522196716038,29276.00106427536,104.58646420596766,109.06000623890536,342.61498670636155
175,377.1690557370493,91.4101841155161,139.47082642974968,92.9871024948779,515.780606949414,29572.399533128708,99.95118707805199,132.9106146911182,369.98426994882544
176,370.61136606692287,71.61599878348123,204.4565436783296,83.93754983371554,562.5825851552651,29406.891456659072,147.67285194185612,147.5595347767744,319.95353049141823
177,347.62717232251396,69.50857194026595,196.38228344271928,98.46362895151194,528.7959887470535,29541.112063029777,109.07611569015928,105.8609300047802,372.072947237675
178,373.65022015443236,63.04354183228778,173.28682218257416,98.14101502662302,500.42346073389075,29222.768559314634,112.58169187056457,149.97643658533607,382.05144922912535
179,352.3382864542175,71.17984436767965,156.23225861794245,98.07123839365794,499.03007082210985,29525.647009960758,87.66849958604595,122.50973086343272,372.17726041598206
180,366.8862951265103,91.32376506679253,182.30642638150493,90.86584955643819,493.5190236397247,29360.86461407351,143.74549712896115,81.34847501000873,381.4714760631426
181,373.11489027577585,75.50503380347124,199.0659047782025,89.49939945417265,515.3951887400667,29187.2918015926,82.88661876102147,81.54751643248031,357.6610800570167
182,349.4453786119393,83.2527810384946,201.33816796041017,88.29155925425353,500.038999426053,29356.440002261344,151.74398796363255,58.44722615358255,360.4651149457532
183,348.5180006001234,92.34831570453709,207.96047731105503,95.59549260502372,514.8965958358972,30036.245167529556,142.0103542259452,61.06043106220635,367.4246120602468
184,340.47913943253354,91.52561433270203,174.32000639391055,94.89108252702214,473.9535036305811,29597.48033210586,113.53545705983679,68.45243798836192,371.62302815947146
185,348.8129090829194,91.53449996873705,165.0402862359639,93.4656490853304,505.4815900006775,29500.588524415423,135.1180258045196,89.82609339444416,370.77578806815177
186,349.34641063663616,90.27718169049821,171.92988789050824,90.50289923028463,501.6228561350618,29748.44121343949,133.61288918397037,97.34730721226114,355.90261573413756
187,369.2389287322541,84.111373081003,144.15553872369844,96.00883364831905,497.9841080035731,29575.643869999887,87.6820410568805,108.55330359683093,345.6370820939356
188,341.73004079128316,69.58730629621701,155.8043708005516,93.44404155306212,486.86613412927414,29820.91629573974,103.87982561254907,80.2733445239018,365.00248430768085
189,336.5781063273364,94.46997494595173,145.11546928897266,96.46829553262735,500.85393999148425,29698.82545105926,134.38100598878523,93.67935208979445,361.9838997714353
190,332.87193432707494,88.1924851039361,229.47693441822932,94.6626253061742,514.6245860604467,29546.816309302852,84.85763680842066,113.1559888875711,360.50700870511906
191,381.17565971621974,86.83213349990781,197.3219765086957,95.7021641169534,480.7698666460324,29980.171502183894,146.02948975193596,78.56410012790212,365.634023413948
192,378.0409738258878,70.52293495535568,174.52635277633362,94.93129572077397,537.179286223745,30015.97428627042,120.90495884065787,89.70536482205927,345.5758854496205
193,376.8689373550134,80.2076013409156,134.98303271835223,104.66946805633083,495.69368113431705,29154.609201561198,104.98801838233695,101.39005386877861,363.05871559784117
194,331.07213706159126,96.84599192063283,115.37779946491902,104.43154457728211,498.84448201456377,29403.342506010467,80.11179683937237,105.51034068321297,364.7078934276391
195,380.36260950549934,77.41904707017054,176.05095391189536,93.10153879485189,493.642391798432,30095.196592951866,126.9065747367566,94.72661145927091,368.7361671821885
196,364.0084175940629,73.04972869547946,214.62757481024408,94.19899408412356,531.8019977070543,29641.451600701457,122.9243006036902,102.66825294786837,381.6013250605386
197,373.74098777007015,74.97833037620181,217.25087087164596,97.79804367881447,489.48515059737707,29421.98418854166,113.78097395272812,93.92143012551303,367.9983464441322
198,355.0689881725686,76.56536816110132,166.6009634844003,102.8494468181883,497.13533524184265,29622.57723825824,118.72999436238779,95.56162250913857,377.8529107234548
199,361.0812826756592,88.2723440151824,182.2378095261083,100.63912296320844,520.9058478947426,29211.57863477201,110.15452438894873,65.77355375545916,367.1356978522411
200,1.0776931423382171e-05,0.0,16.124199335812534,0.004305884014636204,21.062130163322127,116920.54204311185,0.0,0.0,2.0010939999409108e-05
201,147.52736251936588,150.28770569617487,196.21682923677994,129.1633659991921,32565.035386278843,4781782579.509797,146.04635642922423,394.27428847474295,167.23103413712633
202,0.0037208962357374964,0.0,0.0,0.0406626808183004,5.154019834528442,21.362116226974987,0.0,0.0,0.0023511523315751146
203,1.0563165050171955e-05,0.0,7.279013200820258,0.003505424870732785,20.746855831926656,122961.70757150973,0.0,0.0,2.00596354448878e-05
204,334.58710254230203,637.2815138657492,210.56830214184635,598.7959290917607,30818.961141013307,4714233286.806073,156.9065758597427,80.91483645114857,251.15780309616272
205,0.004502218508361288,0.0,0.0,0.020973848593162755,4.816844605277223,21.367183097270708,0.0,0.0,0.0022366395308555938
206,1.2395015998862163e-05,0.0,62.997687728423436,0.004018528460279531,20.278833027697136,118329.61287153802,0.0,0.0,2.0638426164727945e-05
207,699.7821658936678,367.92700703860896,437.98238567546457,732.1484113845424,35793.33376101452,4628896974.017623,162.38401140404645,273.71368711921343,398.4570932393332
208,0.002939693246650938,0.0,0.0,0.02804864865068221,5.2097257297185395,21.38203180704387,0.0,0.0,0.0021020411998059273
209,1.3207816543011968e-05,0.0,0.004141375551107273,0.004252379370014283,21.755654502089104,121716.02081571157,0.0,0.0,2.0019478737909984e-05
210,181.74775840437454,173.87485957502858,188.46921555188064,425.7515071523509,29583.870642556572,4754983709.9354105,91.62842033316429,82.81929040985683,252.27838901356694
211,0.003353703699811833,0.0,0.0,0.027358641822807114,5.1753285531451185,21.362130568089768,0.0,0.0,0.0020926080259048925
212,1.2677713257814848e-05,0.0,6.463751215057604,0.0043968368808770504,19.82661831340435,120902.50183570756,0.0,0.0,1.7811897351766044e-05
213,965.2557955061777,310.12200731483614,676.1353455727112,784.621577423659,24835.891927708606,4713601368.264817,266.74101718050457,338.78406007932256,735.0655466764194
214,0.004056298271558175,0.0,0.0,0.030554815607434123,5.189583614140645,21.381842895715298,0.0,0.0,0.0019601521880780533
215,1.161489838543901e-05,0.0,0.0,0.003751129436071337,21.450227568655453,120755.77718801783,0.0,0.0,1.928976917174477e-05
216,430.10966783307583,706.2936886803963,540.7904294697563,260.96986542931336,26070.502569196822,4414437465.511852,162.49775655743164,233.67479417157162,713.4018030182855
217,0.004089528807588905,0.0,0.0,0.02193890831738565,5.109351499278534,21.3527827825469,0.0,0.0,0.0019449990895467268
218,1.3230317859288785e-05,0.0,1.4190930707683078,0.004576315697688417,20.702701526024715,120615.74025455826,0.0,0.0,1.7204073040994673e-05
219,132.7905984540881,221.02547668984056,391.3789009048765,391.97576646351985,15480.338084599116,4709134838.668166,324.51266089871876,97.00809124728781,358.4848496151988
220,0.004011282849414894,0.0,0.0,0.027857252190226858,5.0115721460146405,21.36425598248384,0.0,0.0,0.001981533655603149
221,1.258394331393666e-05,0.0,39.12842278009361,0.0038650527164313113,21.058269172757072,118733.86861382009,0.0,0.0,2.051658977434192e-05
222,497.4143915677542,643.4602728856044,885.880660025254,935.3900417480944,8636.362354117162,4730713040.9053335,263.5801544602638,334.15662562979037,917.4721077367675
223,0.004230643616746867,0.0,0.0,0.021411437682408205,5.111368989503942,21.36905377348138,0.0,0.0,0.0020754535419151283
224,1.0694201372208684e-05,0.0,0.9311079452920977,0.004294616752691342,20.748011130919064,122691.15721678095,0.0,0.0,2.0399484420212398e-05
225,215.12438141192277,207.5812679705635,362.3528217454712,345.0207167880302,24115.587313376487,4446068931.808595,131.02600110562918,192.8053478714936,515.7718479827176
226,0.00623608164084257,0.0,0.0,0.02160776727369418,4.9213679197785165,21.380649787024826,0.0,0.0,0.002130522168201114
227,1.3302961175919161e-05,0.0,0.6017190795332559,0.003702206904280108,19.091393315057086,120944.698122871,0.0,0.0,2.060787084918808e-05
228,442.6016078332274,430.5856751779496,4378.738191676854,698.4918874780913,15466.712458386859,4348315198.313535,242.91979024714016,409.73994956878715,551.6672196107482
229,0.0037106280917837786,0.0,0.0,0.022368598833382377,5.164949350284604,21.375271757584002,0.0,0.0,0.001980942260116371
230,1.204105865365461e-05,0.0,2.374268892285896,0.0034649026394078827,19.729767980870218,120378.77141142494,0.0,0.0,2.0201960786408364e-05
231,836.974479908553,336.84960717146765,1197.3294051061755,780.3921701245879,7699.411402567222,4419353232.057176,641.3866384861524,223.94142308557122,940.5079757911216
232,0.0049745836861017885,0.0,0.0,0.040719177399271965,4.861428084838566,21.368682324578575,0.0,0.0,0.0019737710326924594
233,1.2146720044682595e-05,0.0,0.32355544167394795,0.0043402665799875395,20.46467490932491,121426.94306644321,0.0,0.0,1.9842989483536625e-05
234,925.6417859644508,356.90966058777724,1165.603724180797,748.2471596612708,7839.2607324844785,4549857197.243651,396.882985408369,592.1190878571632,962.0077388092822
235,0.0033731921920540473,0.0,0.0,0.04398168560143587,4.780902101408674,21.359966870664906,0.0,0.0,0.0021317693334414046
236,1.0852166761139162e-05,0.0,0.012103862502899904,0.003458133176257815,20.705370647371367,119715.1675792249,0.0,0.0,2.0208741575740712e-05
237,816.5727681811225,494.31863717534475,842.1745806335701,893.7067964878705,9384.562978948445,4915742518.052227,758.7931220209887,492.8849212800532,922.4517014538934
238,0.0031741390533048816,0.0,0.0,0.020493757112293107,5.144308202969003,21.37982549686221,0.0,0.0,0.0019564221331614955
239,1.1394686431384754e-05,0.0,0.3677555760710281,0.005509375752220577,19.420412241541147,123532.60721473293,0.0,0.0,1.833434669687916e-05
240,706.0469481230172,409.6711360669946,547.1925219377304,518.8212154411486,18065.784298532995,4526320320.135329,262.2338429987479,158.35207146103943,692.5728444698846
241,0.004013887460999562,0.0,0.0,0.026679117404115774,5.068378733415481,21.38123319285428,0.0,0.0,0.002018577236893448
242,1.1931975451193031e-05,0.0,0.0,0.004274012722202378,19.32619184786647,120822.36076106726,0.0,0.0,1.8959282261665893e-05
243,573.444881304067,237.8310281759276,732.1675384158674,244.49213285520935,12062.224921061386,4757965804.9792595,300.21326368115984,422.9791315178897,274.211407004899
244,0.004200597658811644,0.0,0.0,0.04143658682326202,5.3320487605611335,21.376061230226252,0.0,0.0,0.0019323588715877001
245,1.0633416597142054e-05,0.0,0.3995964551269105,0.003664652404980973,19.261331356689308,119587.9624553394,0.0,0.0,1.872709374360333e-05
246,213.08029294719205,291.423780751337,246.64469157824513,219.23740333629033,50981.19310761732,4713203240.30621,107.80855775973424,117.71318115476141,350.6258501272642
247,0.0032376933540014816,0.0,0.0,0.025955966314740363,5.098745860769554,21.377277902315356,0.0,0.0,0.002081053829392748
248,1.1125452946689342e-05,0.0,21.70218548780156,0.004114584113916599,20.37660837783783,119385.40601167445,0.0,0.0,1.635616433399496e-05
249,617.8969706648712,788.5901750871042,527.8084293693972,505.87825162062285,11624.33350932511,4448920686.757951,419.721010764837,365.5243001560803,708.1210235010635
250,379.3299390219102,138.21953706828256,125.13308130320505,97.92881112340955,616.5579698969909,30631.112496140173,95.09360223766747,81.15104757605606,359.2778575378597
251,0.0007759522782118469,0.0,0.000246536910246741,0.006760830922252806,0.5854544988598271,30.643402186897678,0.0,0.0,0.0008358312922508436
252,4.1494089402520435,2.286371161195924,8.37551981469298,2.300780483537737,41.100709180061365,42.78804907172221,10.488241064072126,10.140039730192665,1.5882697824387721
253,348.53753469815945,114.08449345215871,106.50615845365249,97.22878980655544,620.5883442389953,30594.83324222186,99.18663220485783,91.13933915007215,376.46453525071286
254,0.0005974174189378365,0.0,0.002553418606120595,0.006971479371420181,0.5875829312854022,30.927303710767067,0.0,0.0,0.0008106343403069909
255,4.095998523988573,2.669890671082524,7.720042491388113,2.4525825509766204,41.6969795947022,42.59034984989021,11.689156461017566,9.894469003116871,1.7355971926298515
256,362.32921093877974,116.67260613050134,171.69016241909804,100.01047147452665,603.0496449549589,30721.893985709645,104.3906790137064,95.07333552433843,356.0810367934408
257,0.0010593860627409876,0.0,0.0027104196696582736,0.007461168549500317,0.5772139270638373,31.531788742821877,0.0,0.0,0.0008528598466134885
258,3.932785145130698,2.1674049639854567,7.484848257882882,2.6375019971435067,40.65485547852851,42.78070703157496,12.263053515990327,11.93136245268141,1.5427044977165016
259,360.22333696490756,112.36425382741002,159.3295415496223,96.47321546725045,553.3832893700127,31385.240446722855,75.43886854840385,70.3700626419389,355.49540725421883
260,0.0006000460878355652,0.0,0.0018072995734005402,0.007562332880289262,0.5668477138534661,31.329423791764945,0.0004930696719200841,0.0,0.0010883763533873709
261,3.5105206134467326,1.824821359691757,7.462249444577138,2.4679059468551823,39.54862544947317,42.509646037475335,11.088206566230506,11.194643803176307,1.4402180339539472
262,377.12486118168454,121.39679521150019,148.5707830255752,98.21600394750853,602.2193560960752,31377.13865419946,67.89991175835456,91.56139726466692,363.4453666519803
263,0.000694539371246403,0.0,0.0008216473962908882,0.007831725556000167,0.5880946787428804,31.614847756759413,0.0,0.00024653507541797887,0.000777176724935032
264,2.9400071157651113,2.4150209339183237,8.61504512249845,2.6551743048909917,41.589487913115214,42.72056986102279,10.80941703016674,9.48549020096012,1.8927028282507978
265,350.6932712487106,122.27113603713467,88.21599191251684,102.52065030826648,573.4334867316079,30962.074316283928,121.50233609538208,82.66526175393842,370.7308704471877
266,0.0008681706761217088,0.0,0.00024654212378389024,0.006533508421013254,0.5679166335752212,31.117180117422752,0.0002465354646054722,0.0,0.0010417388606845423
267,4.231511959454028,2.3313176742741235,8.727416673323923,3.1424264562336597,38.70760869812147,42.942161846305446,8.231155737718712,9.103420439469273,1.5539746825036838
268,368.46316968736573,111.24380598257378,160.49665880613063,95.32349123059551,577.4560387507514,30930.64707791691,90.21840912574005,114.4914149815595,367.19764243150354
269,0.0011441763340688737,0.0,0.000493072170793408,0.006992089703197862,0.585305149147304,31.433828986862604,0.0,0.0,0.0007845281674101511
270,3.704812056052393,2.3992458944721737,7.827799624474634,2.4390129040917246,41.38648932499907,42.83353212326362,11.12996557404735,11.696830418448108,1.6470134401100602
271,337.9022999843571,142.3433759439375,146.97312534654057,105.680577651824,603.4327711562145,30949.41502160687,104.14708199226007,126.02404729868324,360.405502319185
272,0.0006808667305372531,0.0,0.0004924158321263937,0.007836602929785878,0.602484304338358,31.300563355136994,0.0,0.0002465453267615566,0.0009104758100061709
273,3.8259650262545892,2.8822748127507145,8.901318374751408,3.257204271476179,41.35842981013063,42.74154946986157,12.26905280537274,13.555374164832832,1.9482899198685928
274,363.92305738847244,114.72214875363878,95.98364638570906,87.82717635415592,581.0290988827633,30597.49657738514,101.65299642942406,106.88444369759615,343.91903646699205
275,0.0008413986747562468,0.0,0.0,0.007698827624302094,0.5823795899959683,32.13809343784124,0.000575111097033069,0.00024653511896507443,0.0007718340606826082
276,3.9266945038301917,2.8087338180880583,10.147520481039583,2.751164815418974,41.591906524751806,42.72883816578117,12.918946990966257,13.301812298617834,1.9829821076733718
277,342.501571138484,115.72986833544844,102.10104805835483,100.02793252174281,565.3513021681432,30418.33352704428,107.21050153598084,102.01527996802177,354.7374788849678
278,0.0009267396161331159,0.00032857616920451663,0.0002465371273579857,0.007074453209509141,0.559443927781555,31.20305940039884,0.0,0.00041053604997411954,0.0009022653245316785
279,3.0856566945739003,2.793198498990951,9.28148645138143,2.7986392164126856,40.331382078295654,42.89623191799849,13.415841841209293,11.49068252720494,2.043339681842887
280,346.1071319222936,123.32295259377734,149.46469850920394,91.07832211427375,600.890648964729,30671.559904360827,138.8965863094948,110.46141995948673,350.3229136012985
281,0.0006589220649035506,0.0003285761590251867,0.01391354984025306,0.006784608260258255,0.5818159812746017,30.897826490300677,0.0002465348761914436,0.0,0.0008278346908277324
282,3.1316223150383293,2.530521423845351,8.42408223198644,2.353530383300765,40.21953731059934,42.76044562439657,10.6472179277122,10.398302852804612,1.616949544778649
283,354.983537868334,172.3524439809181,78.32889265570334,100.24503685536895,546.9647226933031,30418.6062565126,108.29532763380901,105.35128181341967,322.2302103877392
284,0.0011239006413449092,0.0,0.0007396063771401689,0.007706045044226726,0.5834308874307933,31.45347285453673,0.0,0.0002465349877901257,0.0008139699956701701
285,3.1155809179173697,2.162902087075347,4.465778009038787,2.5675033493423025,40.63618159412224,42.96086674979279,11.348739672973037,10.421070216555401,1.7012447322885342
286,326.4311175679431,145.12672166090246,110.65864918937449,96.51617976137554,599.65578076024,31127.87926147573,111.32237869537838,63.78020527665464,372.40907477140297
287,0.0006644761983471636,0.0,0.0010681824883321987,0.007543201239360566,0.5888413031196361,31.94984517170849,0.0,0.00024653484485163876,0.0010504118988559138
288,3.0134965699632086,2.6650934809218394,9.74155536103998,2.7985775750820197,43.56087764160597,42.71230571662273,11.558139402780021,12.968609604575738,1.9195663438542083
289,376.6047019260821,133.49487079884952,86.66000054143402,97.00032371443707,570.50797968018,29737.833507501287,71.52296330321234,78.0173126702381,357.97720736732316
290,0.000649951475924061,0.0,0.0,0.006373172434351279,0.5782386294030437,31.492446392605167,0.0,0.0,0.000830679085995552
291,3.522561004798877,1.908538229197111,7.817358305733372,2.367536742696834,39.274962793398565,42.43396160767542,11.953986230425082,10.683376103248255,1.5466477445350508
292,364.0809940277601,95.59820506890388,136.44988965777887,103.47441363236352,602.2322859316614,31102.44648508574,125.79511150283216,113.95889764323663,357.1511112173206
293,0.000741634264796234,0.0,0.0012194856292945748,0.007107475161727627,0.5736164748244583,31.006489945436638,0.0,0.00024653583868827024,0.0008043756713401148
294,4.1224515220626765,1.9748277230408826,7.8422295971554865,2.818702819210501,42.1822334345155,42.88539873376546,10.247114023616717,10.230217673021043,1.574925977136812
295,356.17506297085873,128.30607744060163,142.83021620595912,96.16227225686835,618.7728211891048,30668.721387128106,146.63689979206754,118.61555081569296,348.12212219309663
296,0.0006304831340793195,0.0,0.0009854960938697676,0.006777052928916569,0.596122277101552,30.531081600765898,0.0,0.0003285764462757005,0.0008180508503783762
297,2.8479395893747412,3.0446390556252423,7.282025567441274,2.308722935280514,38.822093847801604,42.6633050996568,10.691041655712615,10.651474835856,2.1531080046993627
298,365.5915011601035,97.81155874508063,182.32279167475102,98.01332354058925,589.9931716876341,31444.18241240175,98.15389157066024,79.33784254405437,371.98468212999813
299,0.001295994954265832,0.0,0.0009856489206705391,0.007245010189061713,0.5830106227529421,31.6739558679426,0.0004930695106435252,0.0002465349181991446,0.0011042259520327375
300,613.2570337804319,526.454876575855,457.218616621116,541.3420828994799,31734.898291301688,4368264261.668334,343.673640910932,204.496886879248,334.1673994665288
301,0.000739722818897631,0.0,0.006802601480070179,0.007427385006126088,0.5824102731214411,31.27249096381593,0.0,0.0008218921372856254,0.0012334453761540549
302,12475.311963372149,6805.578482190944,7186.232073167737,8707.509805193962,7631.325204320682,17327.16624928424,6139.983270306863,6525.726479987969,13268.985738729009
303,518.2692458041528,456.9091411157773,429.4355732515759,302.1474241968107,65709.26172848186,4515866211.234605,278.0445346930043,120.63278960473663,210.4781576583619
304,0.0006398895399592358,0.0,0.0036849512351892076,0.006699659908465558,0.5413388979220563,30.808612734876185,0.0002465350760613124,0.0,0.0010855389716460562
305,12935.071140636826,6545.55213954941,7441.754874960877,9002.386162053996,7649.380489937992,17122.842295973984,6493.315666474718,6625.777857422201,12654.069820795909
306,495.2899211593449,418.59091622921653,487.9349468804485,601.0170223567206,17991.862358842507,4561353426.896389,143.10557747685797,100.62887315601978,337.54609310939674
307,0.001300210464699731,0.0,0.02914203319821238,0.007829563632168279,0.5693534632078943,31.28141848268408,0.00024653520146258325,0.0,0.0009120212195215829
308,12762.3556379561,6381.461525044916,7084.351767047212,8338.2260253632,7407.163335645136,17064.76131705753,6265.550080811173,6343.133879972344,12668.74560068682
309,364.7044893180137,982.9634948826186,309.1562672582449,346.26736007201015,9690.595224117567,4753337793.735291,248.9934976346303,384.2762711834885,465.4352517709272
310,0.0010955663262232776,0.0,0.0029535639464065007,0.007155670883519614,0.5320948460307006,31.35036589425261,0.0005742103761846733,0.00024653522830350163,0.0008743391062700719
311,12784.96532587911,6387.804227026541,6991.488970854144,8910.47207703517,7619.983574124471,17091.365162936792,6569.720625973022,6530.202632059683,12846.09673221914
312,168.22012545885954,200.93786318304765,618.3412535457679,280.14615539461914,47861.50240181247,4383353109.388027,128.55511398733282,67.07121448545526,498.53262821024924
313,0.000659974941012648,0.0,0.0027109168162323064,0.00768373076939311,0.5675626327295205,30.939709904916835,0.0,0.00032857637541351036,0.0008503578307535808
314,12935.545304100551,6769.78959676258,7159.990615250708,8559.223807086788,7730.1420252353655,17204.463995151516,6457.962717955984,6299.503553692271,11698.764075664449
315,386.26130544073754,408.53410058058233,832.5631601916514,690.7546081173531,19990.310931403375,4317477267.517078,341.8963967895767,308.86556208929755,476.4106142980349
316,0.0006020050500579185,0.0,0.0020271914121653203,0.00661448751473221,0.5587091649726479,31.354643120638006,0.00041069993133833934,0.0,0.0009189916049756167
317,12425.369248233465,6135.741797881519,7195.7423479424815,8973.804933426958,7862.868106742711,17259.84045876667,6466.906235022701,6555.366296986923,13220.875695780502
318,284.65464421074086,207.49165545845568,312.34359444254284,122.77405822014178,45626.18902128749,4714539791.815304,119.60030892860281,60.42618286734689,66.68440971579686
319,0.0007050678936304279,0.0,0.0018319541582564132,0.007230201860981193,0.5638511291864924,32.10622890936272,0.0006572349928336588,0.0,0.00119777959857726
320,12974.900800041754,6570.068282246725,7303.525328874754,8632.235637567732,7682.131585372094,17311.383752069785,6328.424125183313,6692.767592750272,12498.476733119654
321,787.0931772546418,392.8291765816088,1113.5993096208729,605.0813588152593,29430.88289344912,4459481459.184981,192.99970325911502,367.8179194496159,602.852260092581
322,0.00066579623321913,0.0,0.00172476103059028,0.006815928346917613,0.5676936723783809,31.601576827494878,0.0002465349638944181,0.000493069726910833,0.001035259057968207
323,12310.364006904534,6315.641146281689,6995.390554250806,8937.626269602893,7482.194251825508,17103.012963133926,6489.382817153624,6786.29083636724,12095.18646433453
324,300.4456621033048,753.5971426201029,1013.8894807052428,340.68219944271254,30121.7510266467,4407201915.654647,100.38755194270267,316.02891612358883,447.1056258176141
325,0.0007047336761371073,0.0,0.002462097787546538,0.00710994191457632,0.5807217327541969,32.14962548342816,0.0,0.0004105365175106401,0.0007156382660998482
326,12680.596688183376,5889.076834534138,7112.915834870151,8420.1260167553,7287.182249801125,17154.4057462248,6314.909777162609,6315.58861592341,12310.551317594438
327,417.2550326753717,469.25727736601976,576.2831845981165,430.63797828193674,12517.155792738658,4680040381.443025,75.35746894097593,133.00913203276062,280.7275392510027
328,0.0006933527639128961,0.0,0.028781654820927424,0.007013500263938045,0.5624845084282911,32.034055197011874,0.0004930701282342446,0.0,0.0009445112545794801
329,12416.48170433818,6353.340208852148,7379.070502141004,9043.760514572843,7399.859671478719,17181.388515791445,6857.9030937680045,6458.433508611105,12733.83327167313
330,895.50493178788,404.3501502467028,520.4844034563085,787.0561011466062,33719.86443965891,4711811560.221665,294.65107928615726,316.8682145572401,393.0636889240929
331,0.0008929385927241642,0.0,0.002956548858368046,0.006723112880058309,0.5658431774699687,31.32763313939461,0.0004930704267088933,0.0,0.0008001256961215247
332,12976.953697776285,6480.104059626667,7082.2237453908665,8911.953094759136,7416.433618676857,17218.158927174703,6247.940924765929,6545.9404539064935,12070.317117094624
333,540.134903020282,623.2772533542553,556.5693822990556,220.09307102007185,24742.536990047094,4716750143.008968,196.56903037673638,274.1171663444322,382.18327914566055
334,0.0007619633216359572,0.0,0.0017248685379304828,0.00756160748721594,0.5519595641858327,31.1775211415835,0.0,0.0,0.0011726132720909805
335,12370.54322624796,6151.952404264311,7182.659593751102,8693.60515367548,7837.300910472965,17036.203327176554,6477.527451142814,6448.795969599471,12706.572155912176
336,692.8329558699585,471.4768620032322,4873.997732210072,457.8288962537608,32226.460962009853,4225513111.9464526,170.3325364061904,93.14241124244741,158.94711224684025
337,0.000658294762898046,0.0,0.0013147273490191002,0.007009731081324381,0.5727746747975289,31.30294673461642,0.0004930696495644371,0.0,0.0008364897209803687
338,12261.585754594065,6374.43299631914,7501.619343698579,8989.72337888854,7969.598717666116,17241.839036145484,6729.797072741176,6798.076448967934,12787.81909527756
339,243.46482684752843,504.9481740776585,1038.824975641019,760.8002421767161,14119.25559353844,4690866056.861721,294.0419908483266,375.84591456521565,576.3241725538754
340,0.000607812787881862,0.0,0.0027942414107547937,0.006730453750681687,0.5722568998598037,31.410641419998463,0.0,0.0,0.0012238779411610876
341,13027.537552202628,6068.952075147755,7233.146595072788,8862.115192497875,7825.618554820722,17291.2068198599,6610.15004015486,6400.81305186009,12752.528371790873
342,547.183538298579,486.0455884773059,805.154708402874,627.0060865219783,51781.117150505546,4570576478.784148,415.98280773759075,269.9898650553644,503.5197758791363
343,0.0007528511058467235,0.0,0.006839049272328506,0.006861067792785272,0.578619205131751,31.628072155736813,0.0,0.0002465352155326654,0.0008914934569969958
344,12229.76398228953,6340.331286077198,7181.985186201219,8794.826912157589,7534.659027566705,17222.605934322168,6778.632865536308,6493.477000878166,12734.333783616179
345,1220.3196388862996,642.3506070962907,1277.798872653417,620.0373258447031,29153.137593937256,4724756483.918468,444.7912523452275,407.61414568738644,948.847267113045
346,0.0007071717380744368,0.0,0.000826586860043524,0.007510292646631974,0.5538391398878649,31.134915721739393,0.0,0.0,0.000862637416210589
347,12309.059074013183,6895.804298840959,7302.6743108735245,9154.279341504527,8010.820052513817,17229.292646177768,6372.991367859677,6706.081144909004,12793.62056999262
348,514.4056565724854,646.4714743552272,644.8183882241889,401.0204972195025,9272.013208296152,4642896116.935501,168.00050447162155,174.61346440914477,540.4091010651832
349,0.0006371871703512373,0.0,0.0014033953483265128,0.006659992233419067,0.5681642310058304,31.248430842080303,0.0005751140027034918,0.0,0.0010297511424681128
350,0.0036146154296034646,0.0,0.0,0.03322285396033487,5.224022402965233,21.364555138002324,0.0,0.0,0.002265606268998418
351,339.08362997601154,122.5023543222841,146.35787274327876,96.33776647211563,584.7892190916972,30920.350972160722,79.38654844251819,108.72733487056361,352.62353537479555
352,3.2578564330860043,3.191154340428438,12.726374293882413,2.683870135772906,39.3282143318854,42.897847671735256,12.72209000098872,11.991317015088164,1.830767061809347
353,0.0036890777215304415,0.0,0.0,0.022538161046139076,4.929015835822111,21.37658719217062,0.0,0.0,0.002707271725357702
354,369.77795689600134,117.56593059430442,114.47723068025742,93.47341227745225,587.7672040541114,30518.13925938704,107.4306025869258,139.46711188738283,344.5521622480082
355,3.721171502050012,2.907992171740778,12.72011850704009,2.489342916081213,40.48336108709714,42.68037129020209,13.27221064686886,13.036772193697633,1.9252150293752448
356,0.002861768273510789,0.0,0.0,0.0231367166677352,5.082780566744904,21.377254190954208,0.0,0.0,0.0020959095894728438
357,372.26625645722396,108.49097390426196,144.6983925934205,97.70929127161575,590.7398455011572,30622.024073907207,87.41018486747024,84.630857076765,354.7340451741674
358,2.8526123423528555,2.8579729640541496,13.894127015872588,3.093052974797289,39.71040000041817,42.80751310351903,10.668010503382183,11.257217450328984,1.9937544692574056
359,0.004038406450011244,0.0,0.0,0.02921019274314784,4.964307370256406,21.378897354928007,0.0,0.0,0.0020231622484041807
360,349.27470669536166,134.0324481756126,127.54774696681207,100.58611457831192,593.4394311214961,31411.89043362403,119.78125985485353,119.98068362101792,363.8105093476868
361,3.398322867737808,3.1976678165237655,12.477049418663626,3.1496244067097057,41.08261045083789,42.965045406992665,10.77934753473588,11.446070766619629,1.7526593340864047
362,0.004259689107429936,0.0,0.0,0.021377946423868657,5.025015290577072,21.356909474743432,0.0,0.0,0.0021550771705545553
363,354.59519379188293,111.38478049137878,126.55299749962886,98.13574810724869,571.1710656840239,30546.24658276283,118.21495481673068,70.24008186902637,337.40935766694037
364,3.0748620858876294,4.235123679588898,12.131078445717131,2.9110719541936256,41.59709201883877,42.85579690467355,12.632929092525469,13.138853914511078,1.7968308182007837
365,0.003513432862544186,0.0,0.0,0.02549513753019606,5.031695867775906,21.362831642377206,0.0,0.0,0.0022218257904027265
366,383.5146253461955,113.20811390271002,105.31960424635645,97.21512060106883,593.0387287032862,31038.25498586869,106.04825997941356,104.0981726767782,359.06649729158255
367,3.0287120275298833,2.802572032075654,11.951204539559155,2.7942654799894204,43.73111753093272,42.550429439409,11.890361613018028,11.963763917283417,1.6972680167833276
368,0.003931155790247994,0.0,0.0,0.023364948881657004,5.051475356963192,21.366599051084037,0.0,0.0,0.002158623926201066
369,362.3792972189524,98.24561626338466,114.91555538269394,98.60395574930695,576.1574086916627,31217.758481250603,90.91722219388413,91.7423693810115,373.2273503512121
370,3.5035729195274823,2.80307807694214,10.476482258194608,2.5503573483762048,40.24504689149921,42.93721494866258,11.113477312224672,10.053826997355014,1.888292000054165
371,0.0037411625847709362,0.0,0.0,0.03148394938889588,5.4263245250439835,21.380913461529346,0.0,0.0,0.0022516260268505926
372,360.5328432967779,145.93493466401188,191.49510676197977,92.62363904632714,644.8750985779587,30988.24622355204,143.35598863966518,92.89682085936553,369.7390479049299
373,4.110527529359941,3.5776914838832026,13.53170988112855,3.3141172903786567,39.58064314928955,43.02821952338702,10.790965192153747,10.989567253844788,2.165298341482915
374,0.003202207999290417,0.0,0.0,0.026617992467500733,5.1559809270195,21.377252991101162,0.0,0.0,0.0022053847202052617
375,343.77577548307386,140.8492346116988,86.91217266711833,92.45912257736956,575.965165692622,31433.035875074336,82.61578031712382,135.97488475286593,372.75601189314324
376,4.129556466523227,3.7605417590773866,13.94492112922586,2.5129942854248823,42.158900446878675,42.69689262895818,9.953533687346459,10.218478528755996,1.9287923524591775
377,0.003615612236032378,0.0,0.0,0.031196991784542934,5.364288774967283,21.383992251240258,0.0,0.0,0.0019676470615856427
378,367.90906217260147,133.05951677871064,118.00715492089829,90.66167146716317,598.0131841613419,30940.191597497174,118.32778433085917,110.66192904726736,360.3017177427853
379,3.6215960428416456,2.849932590426012,11.942640651698676,2.8182560775707843,40.745639683591584,43.02353214948925,11.740887323387899,11.588739664172733,2.0196790249413046
380,0.004088326417746927,0.0,0.0,0.025809472330180834,5.044188821131068,21.37334196300389,0.0,0.0,0.002183751662716837
381,355.5775812062656,109.66268121446718,110.6062923434433,97.76628707213283,621.4184978775116,31041.702723709175,94.66245826996001,128.87873436064913,371.25119750262706
382,3.208265323581329,3.250623534856838,11.993108465361997,2.612617468740416,40.80237098334411,42.787260655046815,10.097833256928451,9.94120343397615,2.1949649144824175
383,0.0034864684215751836,0.0,0.0,0.025937828479208887,5.093635319536273,21.36461332888131,0.0,0.0,0.0019928873942350756
384,364.3185001169774,110.28905453391894,134.99103610680598,94.5250784405771,581.9076829345398,30800.436245188776,122.14920332894323,83.93420450989412,352.0993501753201
385,3.1669348763390555,3.354643122316052,12.092490963226018,2.883817156253969,42.33438274047839,42.59575611165153,11.709106949699818,10.90196549963282,2.1030989189091183
386,0.0035207658271703382,0.0,0.0,0.02532106567540523,4.821474167961214,21.3791448846448,0.0,0.0,0.002064059988877329
387,350.2024953775746,117.1994267024753,122.65915779864521,89.41318198187763,591.2258144375605,30782.18024411611,131.30349613769712,93.6414792292137,375.71387302694893
388,3.444104989015229,2.2631883770850774,10.765934939286348,2.623929064995067,38.911089386363294,42.99283642171652,9.573265512090614,9.925849653795634,1.4221029417990914
389,0.003237134370752098,0.0,0.0,0.0240317270103949,5.097033649522046,21.369947091640494,0.0,0.0,0.0021509701816722422
390,360.2739658157449,114.50713990672541,109.17640724348631,93.23677564614702,611.7728028352735,31148.67239557448,108.9718896168978,118.8629679056127,347.6839871863612
391,2.790739866882906,3.3036729133448617,11.88130293892677,4.028345372081102,40.79599250650448,42.89228428250803,12.64230045377539,11.340154950076162,1.8696614725111418
392,0.0033825202994915674,0.0,0.0,0.02414654085050646,5.090005444252282,21.364571063364803,0.0,0.0,0.0022258542239495375
393,357.6497685677647,138.50703438467218,120.02261248668404,95.06058978536835,594.0287119726923,30727.1488755855,85.62227449088213,103.99789205712271,373.08405608429183
394,3.6936190702802736,2.440351289158937,14.661255075096436,2.946170595076836,40.47990702075139,42.643293557899916,8.317575125253692,9.792602614222524,1.7454257629707526
395,0.0035695057442423866,0.0,0.0,0.04857817867919426,5.012244806163879,21.36936350940555,0.0,0.0,0.0021632425981445774
396,358.4077313817846,104.10241148045733,114.99642128138008,99.6505252637668,611.2329557489646,30518.369377761155,117.72440825029683,101.90220631663396,356.70674963909545
397,3.7344771357065265,3.1190443632012768,8.900024639163776,2.9077510720176516,42.4756308361091,42.6991151276098,10.610537354323087,11.45810240508333,2.0604952250671213
398,0.003212796224869211,0.0,0.0,0.03475611917959606,4.869003928584278,21.37717647287426,0.0,0.0,0.00225809074182181
399,353.92399600680807,87.33436553334839,131.86740922668116,98.63801793351982,619.1905412718148,30683.39733320091,109.334850291185,115.36159615948436,343.3410744973214
400,492.53707473203207,294.63338410134645,499.5807920549378,332.22013678178706,37810.58034114098,6299168495.661681,313.1388749586951,233.4299664403698,527.1764492903762
401,0.09124992475533504,0.0,0.0,0.021070391374408172,20.1474782567086,21.423592622069688,0.0,0.0,0.0039323930962207425
402,365.0727315869614,110.04595689555046,149.7230706758974,94.72241717745298,622.4849842454038,36102.56654754793,103.66891375450798,90.20335519183841,326.08215861103616
403,0.0008450710524789478,0.0,0.0007396099553661854,0.006341632729688066,0.5622677793729273,38.03530909926849,0.00024653531425525104,0.0,0.0008012284460588656
404,4.642431741642199,9.99956923515065,17.805837514557762,4.255884708358864,49.01984906975243,42.91339127772774,14.788430518797002,15.694141283431154,2.7675423539441932
405,175.44895564494465,156.21421867662124,152.72078094884944,117.80009814958568,69902.23963043212,6478741233.734294,121.46342472783441,232.90191010077038,861.8111439593415
406,0.005983495643457977,0.0,0.0,0.03161229001980214,17.04418305679384,21.40728266982227,0.0,0.0,0.0029284810540479394
407,354.13718762188176,113.44549879143442,140.8964532016826,102.68823078196343,624.7202590139981,36053.08947104694,128.42421330871238,87.27726628099431,360.07880439185396
408,0.0007612919076703783,0.0,0.0003285805575172842,0.006299011536098361,0.5648515240632643,38.92562372181485,0.0,0.00024653499720668585,0.0007588705671335907
409,4.7324404612379976,10.2196066326791,15.91979266441427,5.853707523234989,50.306147697567376,42.04706707549325,14.54656310903586,14.88051320095803,4.826219164136733
410,280.03892929560965,196.26761235857833,325.7315097365279,89.84756205663037,51683.17395952202,5878652035.172393,97.19290472816134,105.49836643212576,154.3991334030625
411,0.7254847988831085,0.0,0.0,0.025797538286909262,19.656484403212467,21.404274863211484,0.0,0.0,0.0034468768632076735
412,372.7987699577715,134.9448277312942,99.79517821673424,94.21481136692533,662.7799259628229,34290.92344490895,102.67285895442913,97.37714525880811,362.817317393692
413,0.0006426507797592135,0.0,0.0011507234537252028,0.0059771603952493615,0.6118671844611699,36.07981002850519,0.0002465348520699055,0.0,0.0008931120890281534
414,5.510443560730297,13.269291126673952,17.881406888573576,4.79973295627296,50.60916047281784,42.71894988483034,16.500673637890817,16.927162896810934,4.627022725560042
415,806.4686325927178,634.5530279039958,766.804196109966,488.5373670294053,30009.687475733193,7498723271.754923,489.62447222774216,602.5712672573346,604.053175825407
416,0.045393701541132085,0.0,0.0,0.027521154864906024,20.122597898828882,21.388817663313752,0.0,0.0,0.0030888272044268116
417,363.65618489174324,192.76588874051075,88.9959257532032,90.57755423436582,601.32311511142,39018.15852893984,94.37480073533033,104.57854311687916,372.69507062940835
418,0.0006891162756134373,0.0,0.000493074757115533,0.0060515239900302735,0.5930251492015873,37.39856191400676,0.0,0.0004105363424315112,0.0010934342401253546
419,3.7732300003111447,9.164479127038664,17.80390282065298,4.949766339418024,49.43254142443926,42.87131459190754,16.598075345215747,16.9010778600722,4.037924159989746
420,129.60410204706116,129.7457623902768,70.01104519445863,52.44809099678447,92058.84815852255,6831722141.5929575,47.835089799816025,47.825532902317484,89.64217976727028
421,0.2213395322058273,0.0,0.0,0.032039284258974295,19.66337789114122,21.410061082744615,0.0,0.0,0.0036086474576115485
422,352.3424951103769,155.16849220710927,221.80290367888753,101.39854370689001,618.4817699765648,36553.787944057054,114.61101896550208,98.90080787963815,359.3178548171489
423,0.0005944632400579769,0.0,0.0,0.007384657955528595,0.5924957403322718,37.596152078064726,0.0,0.0,0.001993337082392679
424,4.909243924957454,10.551612085487386,16.18746158023038,4.082824005210401,48.67066150389268,42.22514863462468,16.057106837289627,16.25658277722073,3.3237591327510545
425,424.7213118179098,337.90304730083164,527.3600761561029,413.5985206317358,26308.965502246898,6712648500.446076,444.9312149241548,263.6110696050133,723.9411453347141
426,0.014496839632455572,0.0,0.0,0.021746053633201156,19.679711746954684,21.37672709302892,0.0,0.0,0.0035021140769365545
427,367.59678841256556,183.1254200218947,114.0195668755524,92.6999653038009,627.1719804453365,35057.13837880991,127.88595809552731,112.66152349073592,351.7926375350708
428,0.0008790487722320452,0.0,0.0002465402952403714,0.0061634779196728965,0.5905754633281856,38.00571752022938,0.0002465349434398356,0.0002465352009305347,0.0007609839566508613
429,3.818066273224164,10.351802748377152,18.511403011924354,4.706516338039617,49.27106300133209,42.51425194054961,18.31941063939208,16.617121356707546,3.1022786409056473
430,467.0651943231787,825.6744466810635,701.8092539167479,557.0214498021855,8850.206475341345,6564162712.405242,405.7668786724911,411.92964238140667,981.1685542250527
431,0.16385456853381855,0.0,0.0,0.036001625778403955,20.169987595856004,21.412466545236683,0.0,0.0,0.004055146791989404
432,374.62782764702996,141.03009067491536,109.91664583630235,99.1495940646419,650.7700885113114,35825.82119785844,79.81497893033104,94.12127482004105,353.7374276267267
433,0.0006167882497040942,0.0,0.0,0.008246187967852288,0.5725386171562243,37.581787029409035,0.0,0.00024653492690875913,0.0014325828650420974
434,3.8956512883794536,10.066724904084747,16.430377795619673,5.776997692663031,49.98984857904406,42.53452244776273,15.059738387469004,17.46597330653304,4.150525567764588
435,764.9947841622526,134.0778510940522,910.6049129529749,601.1309283350275,48860.27269722754,5081660876.719468,249.99902340306454,297.4293827960616,1476.0626703619464
436,0.6527368550654142,0.0,0.0,0.026354315784327568,20.15535249134064,21.398407613627388,0.0,0.0,0.003390806865446002
437,370.01147725257147,136.6611255149682,158.10407464320176,100.09230153470466,634.034639495654,37130.40994918496,74.02596908192282,98.6414025544806,374.69630066595
438,0.0006175886922388938,0.0,0.001643222327536007,0.007483448071813884,0.5723536528695662,37.088564840918245,0.0,0.0,0.0008421355839600236
439,3.418772075740026,11.088742699582099,19.189439921083032,4.131088165259758,49.83870493019891,42.50457593966407,15.772692459135593,14.398609248885903,4.022823136393286
440,557.7671066712352,551.484998613292,1194.738603260644,671.7580215875117,8727.429619687004,6202478542.129973,319.0217546696997,460.86519398595306,524.3680647422917
441,0.18889946270084076,0.0,0.0,0.021043004055347383,20.16960673256143,21.40724448795065,0.0,0.0,0.0036913000709103837
442,365.69807700925793,129.84172518126505,136.29628166688926,102.36341356440049,609.575770924519,35280.10455187285,127.71999220258857,108.91366620283286,373.88441115913037
443,0.0006574555355105803,0.00024653480245772334,0.0011499000804867513,0.006694548504642286,0.5918935591748331,35.66889273990966,0.0004930696687748888,0.0002465357049403131,0.0007209512287187266
444,3.330982458058703,9.156370206669834,16.65889885950236,3.5244360875099168,48.369531199091476,42.63042960571649,14.969840328196577,15.490472478614658,4.0384483911984965
445,194.4014934868201,276.88296189424193,270.44174523124553,86.21061309863084,35953.287199685205,6400765977.873872,256.0866535039717,178.23211375544116,176.16456952879625
446,1.1205071785164018,0.0,0.0,0.02519079106917669,18.6283671763144,21.40658465833314,0.0,0.0,0.003435374549070672
447,366.53695470511354,166.99789527449266,108.58973203396464,92.37491905862058,629.4800141496983,36860.796238649295,97.07776790831511,94.83332216403247,367.91128924182357
448,0.0005968700054498344,0.0,0.0002465662433905416,0.007135625897981031,0.5801338824568704,36.84349897962703,0.0,0.0002465349396724862,0.0010878809255884458
449,5.514754243896475,9.292389018872427,15.727547031286644,4.199436855152812,48.92025275306189,42.93031419769543,15.759847450340965,15.959704332172002,3.463503202486112
450,1175.1527946835624,1345.280996114245,1050.8554272633983,861.2437646040296,15610.198411308187,6434518888.11251,449.2407956268243,162.92182293908957,962.714750201624
451,0.009601131065698513,0.0,0.0,0.0250118211245454,20.113302855016844,21.388775377959174,0.0,0.0,0.00368819043366805
452,349.8110645484831,136.06074872428374,123.23878176228025,94.8135537295693,645.5575028331826,36077.52170070368,121.00948196007636,115.49160777680035,371.6143927149969
453,0.000673291741391279,0.0,0.001231491083604587,0.006532362801242695,0.5820081792990877,34.5639560239417,0.0,0.0,0.0007961415571607126
454,3.99035498334688,11.069039264931856,17.11106228300257,5.670698252101883,48.67481945323592,42.58050262304928,16.229435249208347,16.209830439647277,4.1650857483181944
455,11228.069833308167,4493.661555483824,5151.195989366851,7256.540898768259,5992.234919032439,16578.498562889577,4899.654752734074,3792.171824197093,9965.10050137861
456,181.76196058975265,295.07901490220854,107.6990108268619,78.68046032654938,62761.866637007144,7319836226.387183,63.101687784405804,212.3393722363006,158.0964371990227
457,0.007699937822966434,0.0,0.0,0.05350015134387147,19.564049501541728,21.4025654021752,0.0,0.0,0.0031166848305827872
458,357.8716860204368,132.3027524654813,185.188837500904,93.2578344922869,629.0133830479646,36736.379438306,122.45036354586176,118.42929172272008,363.8875361344381
459,0.0006234561831600266,0.0,0.00024654209808996626,0.006706283091984177,0.5932461499744509,37.016996654632514,0.0005747013961398133,0.0,0.0012938713384902792
460,4.394221100751185,12.303913101390746,18.37554199327678,4.863011252445378,49.84107978642775,43.0985420977141,16.679360854134966,15.72138849856922,3.738068275199732
461,10590.29263436515,4708.671483597098,5134.463593167001,6674.384545140025,5728.552362346634,16524.730659267687,3984.9010292519474,3918.793337028187,10604.069296064474
462,251.6086135886271,330.712552723705,127.52706442294951,93.41918594755496,30037.669194975162,6820256498.749421,232.93066369969273,167.06243766871052,576.3316816804744
463,0.024481520021267456,0.0,0.0,0.027289254002877843,19.631546915537232,21.404850519779185,0.0,0.0,0.003246677000043539
464,342.7361420875793,135.23371306732867,96.38677918519987,98.61998178482615,641.285868416892,39528.246668261454,130.27203978020697,120.48694502361404,364.8353380846583
465,0.0009049777774993784,0.0,0.0005751182312709719,0.006232083312527457,0.5915186484885243,38.23219054758588,0.0,0.0,0.0011012105505258942
466,4.292882020167439,10.821076134059386,16.244675584271715,4.669622437693549,48.4777580787295,42.74830200562846,16.94074444170207,17.335587961530194,3.4279092155215514
467,10689.737740656417,4915.052724524211,5481.709558414618,7166.668390982523,5986.527636085492,16606.318122447,4948.962207355984,5280.1699989262,10992.75171440413
468,546.5601849740484,183.89925844420443,419.76393481549525,204.00895265607383,65405.42841650314,5926393975.967008,82.52970372461387,61.939826933246515,339.8934832911358
469,0.8956114243317376,0.0,0.0,0.02649267023984895,20.160072458257897,21.40234085441368,0.0,0.0,0.004166688574966355
470,349.695462305175,130.1133346986815,108.96804223472701,100.39184366760539,613.9097675471202,36622.85860550447,127.77085721227232,118.55219812694914,366.946394602585
471,0.0006477416016200699,0.0,0.0007396218804464856,0.007947271283611721,0.5732781237722031,35.448631437823686,0.0,0.001972934648302771,0.0009005333255799459
472,3.843405239661013,9.674091442742174,16.89686212852565,5.120365792623885,50.1169586452488,42.80094685988897,14.67192431324244,15.12951321273253,3.735266779801027
473,10371.69312624915,4295.438829500362,5305.630173144524,6959.125806494004,5799.117034620995,16623.39477906424,4757.841169185989,3840.1723963644326,9874.261554809842
474,392.49616341326345,638.2165546874165,1095.2587774801798,641.3300548189621,10917.066163317204,6177094984.730893,624.9843215856052,875.1766751135568,1112.7002800069056
475,0.8853669264965262,0.0,0.0,0.6887214894019636,20.174942360742648,21.421811899033276,0.0,0.0,0.0036997532724507313
476,367.7915034983943,168.98233312210795,153.83705265751914,96.0727533699254,643.0909757360001,34077.50547404951,89.99476376407151,120.03551862334204,365.85651117124866
477,0.0005709642256281486,0.0,0.0018065627412399564,0.006769614905143716,0.5837349428103983,36.616862435039465,0.0,0.0,0.0007448233140711487
478,4.2637609105373295,10.373089444948047,16.646159393232793,4.263969948535601,49.97942304403835,42.58700810502955,16.711406334734058,18.025281908197414,4.349051490331219
479,10609.243624723398,5002.4439090791675,5620.642766951185,6890.050484500672,6007.654927028579,16990.43448562978,5020.566959013458,4204.293032335797,11396.845982017363
480,398.81701057117795,617.3609171154512,603.6728958653908,721.5922866670421,44335.91709318382,6287477131.466738,598.2807613796251,536.3763942078419,488.98389208878376
481,0.1593923704174189,0.0,0.0,0.023018861785303508,20.135769543145617,21.394104382025873,0.0,0.0,0.003709570950683778
482,336.97431142081933,123.64740783912158,127.1873030370106,99.24686650206799,659.5822204594261,37468.096975867535,93.645502456486,149.7953687926145,372.87822305605306
483,0.0006017554601402828,0.0,0.0016432376906657018,0.0068381438591799595,0.5674181953426634,34.39191848451788,0.0,0.0,0.0007959195125841316
484,5.4807768308265254,12.524417297587748,16.292256007776405,5.369949820235038,49.8360280098105,42.74734251047561,17.660711343580488,13.728520599944028,3.893092156131828
485,10818.759915410947,5270.103723064356,5898.51776475344,7517.608509388178,6029.918505210682,16812.470643584864,5097.0273661578,4197.4515523291675,11919.870314149264
486,422.03777512915127,326.2771331086035,199.94754356247,225.03845332092982,39643.277301241156,7041797745.930574,115.86249882851158,178.58038502611444,295.3915293265327
487,0.35755339055688284,0.0,0.0,0.02448019211365093,20.151255193535793,21.4005439471125,0.0,0.20541639744718737,0.003831851123432429
488,381.00253834998165,154.46799974635272,171.57511660149248,92.66541754912897,622.3247878938924,35718.772472410936,140.32206827289144,135.13442237170347,351.24321450884594
489,0.0005367741738945882,0.0,0.00024654044987004216,0.005565821898795165,0.5755414371360479,38.51537614383094,0.0,0.0,0.0008038556643311241
490,4.720905279068791,10.247319857307822,17.793794653040507,4.838680136511214,49.170588106450246,42.4108874387517,15.33547952943143,17.32044417106708,3.0288178702066806
491,9777.742301415472,4346.190390539847,4911.933433895681,6697.299526650605,5068.2723482579195,16716.096751912308,4108.887877058629,3126.0101472890406,10590.055082343753
492,313.749577473275,352.87033701900566,308.1748919815575,227.99103667921761,46542.809485649144,7120441489.232078,157.51545480137494,128.30564625198386,733.258603514609
493,0.2151761177536484,0.0,0.0,0.023716855097993584,20.1363234299024,21.407598889418754,0.0,0.0,0.0040580517937253415
494,357.43081322562534,158.34564104695724,147.47421035538576,93.80034042552826,625.568546254723,36660.8261155938,130.03291419574154,113.2625066739392,369.47084840463157
495,0.0009286431010397569,0.0,0.0004930743467525758,0.005952669844269952,0.5777720555919287,35.36046501399834,0.000493080435956302,0.0024641979829728823,0.0012298843707966515
496,4.0313703855457526,11.401397580715905,16.15593709301567,3.816709418534356,48.863266451840666,42.689568005443995,15.819587807714885,15.701889804415302,3.8386692224887935
497,11377.413680364512,5028.6126042577125,5077.309565706343,6886.480367414596,5813.892515645342,16784.104086110205,4876.923594182425,3632.9739355959305,11182.694638912972
498,451.9603851324415,129.56774644735978,121.7574529213176,146.45129056761016,54328.8290485365,6788040477.387401,58.72486993981422,259.07164946773474,128.45348867708387
499,0.10413837636209214,0.0,0.0,0.024976646755486494,20.17888395198683,21.41114792298326,0.0,0.0,0.0038705066715274015
