,EBS_GA,Ensemble,LSA,MaTGA,MFEA,MTEA_AD,S-MFEA,S-MFEA-KL,SBS_GA,,,,,,,,,,,
0,1.04E-05,0,0,0.004181734,16.28801362,116498.6009,0,0,1.90E-05,,,,,,,,,,,
1,1.35E-05,0,2.64E-06,0.00352544,16.56763855,115089.6732,0,0,1.91E-05,,,,,,,,,,,
2,1.41E-05,0,0,0.003842768,16.21638362,118876.7798,0,0,1.73E-05,,,,,,,,,,,
3,1.28E-05,0,0,0.006113835,17.6726519,118046.1647,0,0,1.70E-05,,,,,,,,,,,
4,1.23E-05,0,0,0.003283551,16.73864777,115578.6722,0,0,1.66E-05,,,,,,,,,,,
5,1.14E-05,0,0,0.003240715,16.96262923,116002.3697,0,0,2.01E-05,,,,,,,,,,,
6,1.12E-05,0,0,0.003792042,15.20365683,116237.0843,0,0,1.95E-05,,,,,,,,,,,
7,1.10E-05,0,0,0.003577011,16.71183714,116969.5332,0,0,2.08E-05,,,,,,,,,,,
8,1.13E-05,0,0,0.004138051,16.5307171,117767.762,0,0,2.29E-05,,,,,,,,,,,
9,1.22E-05,0,0,0.003899263,16.94772989,117007.1164,0,0,1.82E-05,,,,,,,,,,,
10,1.20E-05,0,0,0.003608005,17.19486099,115050.7161,0,0,1.89E-05,,,,,,,,,,,
11,1.05E-05,0,0,0.003900207,16.20997912,117122.7185,0,0,1.64E-05,,,,,,,,,,,
12,1.36E-05,0,0,0.004089939,16.47347325,116423.0138,0,0,1.77E-05,,,,,,,,,,,
13,1.31E-05,0,0,0.003472867,15.95918832,117668.8447,0,0,1.79E-05,,,,,,,,,,,
14,1.19E-05,0,0,0.003419884,16.28617578,115469.305,0,0,2.04E-05,,,,,,,,,,,
15,1.23E-05,0,0,0.004457553,17.05880347,119251.263,0,0,1.86E-05,,,,,,SM ,,,,,
16,1.30E-05,0,0,0.005024264,16.82732279,117114.9895,0,0,1.69E-05,,,,,,,EBS_GA,426,0,74,0
17,1.15E-05,0,0,0.003820239,17.02926178,117325.9939,0,0,1.87E-05,,,,,,,LSA,288,115,97,0
18,1.37E-05,0,0,0.004497135,15.10739918,118222.0908,0,0,2.03E-05,,,,,,,MaTGA,331,0,169,0.001
19,1.26E-05,0,0,0.002738047,16.92684841,118036.3599,0,0,1.66E-05,,,,,,,MTEA-AD,500,0,0,0
20,1.19E-05,0,0,0.004280446,17.09746003,117176.2519,0,0,1.78E-05,,,,,,,SBGA,390,0,110,0
21,1.14E-05,0,0,0.002794765,17.99742936,114763.107,0,0,1.72E-05,,,,,,,MFEA,500,0,0,0
22,1.09E-05,0,0,0.004739766,16.65195056,115339.2136,0,0,1.66E-05,,,,,,,,,,,
23,9.85E-06,0,0.002106001,0.004056399,16.33290314,115091.6695,0,0,1.69E-05,,,,,,SM-MFEA,,,,,
24,1.37E-05,0,0,0.004878348,15.19811066,119038.0119,0,0,1.93E-05,,,,,,,EBS_GA,425,0,75,0
25,1.22E-05,0,0,0.003597702,15.74835693,115704.4843,0,0,1.78E-05,,,,,,,LSA,301,113,86,0
26,1.23E-05,0,0,0.003520401,17.08250957,116239.6596,0,0,1.65E-05,,,,,,,MaTGA,349,0,151,0
27,1.11E-05,0,0,0.004895538,16.39711906,114362.7941,0,0,1.70E-05,,,,,,,MFEA,500,0,0,0
28,1.31E-05,0,0,0.003969336,17.11016219,113960.5296,0,0,1.91E-05,,,,,,,MTEA-AD,500,0,0,0
29,1.21E-05,0,0,0.004950745,17.01730517,117267.4327,0,0,1.76E-05,,,,,,,SM-MFEA,147,212,141,0
30,1.30E-05,0,0,0.004819873,17.72487913,116546.6696,0,0,1.82E-05,,,,,,,SBGA,412,0,88,
31,1.46E-05,0,0,0.003035305,16.404911,116574.3068,0,0,1.54E-05,,,,,,,,,,,
32,1.13E-05,0,0,0.003854075,16.79807875,115182.6482,0,0,1.69E-05,,,,,,,,,,,
33,1.12E-05,0,0,0.003430328,16.90371515,116820.9101,0,0,1.81E-05,,,,,,,,,,,
34,1.18E-05,0,0,0.004520455,15.87693528,116873.0265,0,0,1.69E-05,,,,,,,,,,,
35,1.40E-05,0,0,0.003503757,16.75703687,118588.1376,0,0,1.87E-05,,,,,,,,,,,
36,1.18E-05,0,0.039745682,0.003769821,15.30652076,118202.7301,0,0,1.80E-05,,,,,,,,,,,
37,1.24E-05,0,0,0.005014218,17.28450394,114931.4041,0,0,1.85E-05,,,,,,,,,,,
38,1.10E-05,0,0,0.003679426,16.77578181,116856.8574,0,0,1.71E-05,,,,,,,,,,,
39,1.09E-05,0,0,0.004174215,17.2371491,116840.3329,0,0,1.89E-05,,,,,,,,,,,
40,1.06E-05,0,0,0.004451808,16.45843791,118929.6677,0,0,1.73E-05,,,,,,,,,,,
41,1.27E-05,0,0,0.004428206,16.51380961,116509.9256,0,0,1.81E-05,,,,,,,,,,,
42,1.16E-05,0,0,0.004175844,17.46131198,116544.3437,0,0,1.87E-05,,,,,,,,,,,
43,1.17E-05,0,0,0.005178067,16.51516707,117416.8545,0,0,1.60E-05,,,,,,,,,,,
44,1.16E-05,0,0,0.003770441,16.41541562,118086.2472,0,0,1.95E-05,,,,,,,,,,,
45,1.22E-05,0,0,0.004081826,17.41270762,115664.4456,0,0,1.65E-05,,,,,,,,,,,
46,1.15E-05,0,0,0.004069936,17.02806522,115716.3856,0,0,1.96E-05,,,,,,,,,,,
47,1.31E-05,0,0,0.004140367,15.95793046,116707.2375,0,0,2.03E-05,,,,,,,,,,,
48,1.27E-05,0,0,0.003974873,18.33621698,116247.577,0,0,1.77E-05,,,,,,,,,,,
49,1.21E-05,0,0,0.003919095,16.27326761,116831.176,0,0,1.74E-05,,,,,,,,,,,
50,0.117516583,0,0,0.029396387,20.14451382,21.40640269,0,0,0.003041765,,,,,,,,,,,
51,361.4791654,153.8623797,118.3399069,97.00749159,633.8599977,36354.6122,119.4635701,121.0726492,361.9910382,,,,,,,,,,,
52,0.000653091,0,0.000821654,0.007829842,0.571911263,37.48228697,0,0,0.000789226,,,,,,,,,,,
53,4.060836607,10.89093684,16.34640699,4.956634193,48.40116949,42.56480234,15.39819363,16.33123545,4.535584487,,,,,,,,,,,
54,10919.34797,5022.38391,5594.808207,7077.08831,6007.007179,16896.95252,4643.363525,4884.974967,11941.88457,,,,,,,,,,,
55,0.104145824,0,0,0.056741422,20.16743217,21.40709138,0,0,0.003461238,,,,,,,,,,,
56,360.7919463,112.8754903,118.8183735,93.51509781,638.2873344,36240.04587,118.5700827,115.844176,326.4574115,,,,,,,,,,,
57,0.000650134,0,0.001232025,0.006019555,0.588703576,36.39038663,0.000821892,0,0.00085467,,,,,,,,,,,
58,3.81875895,12.39011211,16.53863631,6.282398546,49.16388248,42.71663331,15.87090467,16.75211487,3.995143408,,,,,,,,,,,
59,11316.5363,4979.867545,6005.152592,7651.803448,6319.484681,16852.80508,4463.532724,4535.590671,11480.72023,,,,,,,,,,,
60,0.083026249,0.029992822,0,0.023827116,19.6438809,21.40470032,0,0,0.004137257,,,,,,,,,,,
61,349.5708488,128.0124547,131.5024573,97.55098497,628.6263407,35946.32721,115.6219681,95.33460782,366.2749788,,,,,,,,,,,
62,0.000595034,0,0,0.005713787,0.564854508,38.31015781,0.000246535,0,0.000858911,,,,,,,,,,,
63,4.241614749,12.68481357,16.32898224,5.53314911,47.47139942,42.74071279,16.15757497,15.31875061,4.234099855,,,,,,,,,,,
64,10740.32198,5050.060552,5120.205191,6933.167975,5602.3942,16674.51768,4633.025721,4271.261124,11269.9835,,,,,,,,,,,
65,1.462250147,2.065366528,0,0.023691429,20.18338069,21.41179516,0,0,0.005382672,,,,,,,,,,,
66,370.0597386,136.2409223,99.12500126,91.54136375,632.7350294,36894.55925,102.4485918,92.70621584,354.571745,,,,,,,,,,,
67,0.001118565,0,0,0.006366129,0.592255709,36.05221815,0,0,0.00077164,,,,,,,,,,,
68,4.669101238,13.51972532,17.00374971,4.242853755,48.84507911,42.79262804,17.3281691,16.42028264,3.836024322,,,,,,,,,,,
69,10512.14969,4481.177414,5336.076342,6915.745094,5949.266011,16697.48898,4711.447835,4437.87808,11562.17599,,,,,,,,,,,
70,0.050588556,0,0,0.028241189,19.18493488,21.4060499,0,0,0.003220434,,,,,,,,,,,
71,351.9059587,134.3830587,110.3620808,89.96834636,629.7844811,36483.77678,115.8552212,103.2311989,367.0497711,,,,,,,,,,,
72,0.00065984,0,0.000246544,0.006762661,0.604595837,37.95949343,0,0,0.001002531,,,,,,,,,,,
73,3.307917785,9.980169671,16.93770735,3.725697912,48.36939254,42.78295809,16.35872482,15.82310839,3.257854683,,,,,,,,,,,
74,9806.391899,4404.093869,4674.601302,6731.300451,5497.749199,16380.56573,3831.88819,3796.664138,10430.95506,,,,,,,,,,,
75,0.999024489,0.685090909,0,0.69008027,20.17089301,21.39186858,0,0,0.003882013,,,,,,,,,,,
76,359.3362273,132.2024829,98.63502176,93.51183392,654.933628,37070.055,102.2998397,133.7557459,350.1477063,,,,,,,,,,,
77,0.000592698,0,0.000246542,0.007372893,0.587951095,39.47924873,0.000575357,0,0.000835524,,,,,,,,,,,
78,4.272108524,11.44405865,18.20516952,4.203435424,47.97659214,42.4981321,15.7379372,16.46058468,3.919625012,,,,,,,,,,,
79,10872.26446,4755.577797,5282.336084,7091.64989,5921.984432,16906.55125,4051.439819,4291.034733,10642.72091,,,,,,,,,,,
80,0.01171031,0,0,0.030828799,19.61360336,21.39561068,0,0,0.003854666,,,,,,,,,,,
81,340.7704609,152.0433077,148.4011221,101.5689781,619.6570482,35455.13217,132.1674677,70.44652031,348.78967,,,,,,,,,,,
82,0.000688624,0,0.001396762,0.006374572,0.589370604,37.90123826,0,0.000246537,0.000785193,,,,,,,,,,,
83,4.880105017,11.10614838,16.88388276,5.406729856,48.36831757,42.85102233,16.49064001,13.98167777,4.558554001,,,,,,,,,,,
84,11131.52366,4991.372559,5118.619249,6484.527518,5478.563739,16662.31883,4784.101254,4188.931321,10870.82477,,,,,,,,,,,
85,0.43098116,0,0,0.046462189,20.1616837,21.40741005,0,0,0.003568933,,,,,,,,,,,
86,359.0486363,136.4261519,151.937434,95.25282151,641.5330068,34115.29483,95.23547922,78.9687895,371.8681041,,,,,,,,,,,
87,0.000916581,0,0.000903782,0.008029019,0.592166397,37.55735996,0.000328576,0.00049307,0.000747756,,,,,,,,,,,
88,3.951800964,10.48335834,17.98061248,3.746618871,48.45669454,42.68027348,17.82299324,16.10967866,4.35093908,,,,,,,,,,,
89,10876.71131,5397.686649,5370.15447,7229.993703,6417.378835,16993.26802,4404.160448,4820.905639,11303.12663,,,,,,,,,,,
90,0.402465762,0,0,0.023422795,20.16310216,21.41467649,0,0,0.00377425,,,,,,,,,,,
91,364.2985898,147.7691457,156.6384421,95.08928943,677.7896057,38724.37106,88.53290253,122.0079246,361.4134852,,,,,,,,,,,
92,0.000928659,0.000246535,0.001231534,0.007368896,0.595812621,36.41644644,0,0,0.000775022,,,,,,,,,,,
93,3.448636095,10.47133525,16.39570869,4.256593389,49.76854756,42.63789553,17.92224796,15.36257747,3.96120495,,,,,,,,,,,
94,10282.7965,5181.970735,5734.703186,7054.423131,5978.04077,16699.50907,4611.020311,5319.097295,10533.00473,,,,,,,,,,,
95,0.461032,0.686528847,0,0.025708677,20.18102785,21.38853008,0,0.038504954,0.004687045,,,,,,,,,,,
96,365.0384916,113.118472,143.7891436,101.9506123,658.4226777,34782.56072,99.80878952,91.95049481,372.3885465,,,,,,,,,,,
97,0.000661937,0,0.000821654,0.006481193,0.579085014,35.93446574,0.000246535,0,0.000915651,,,,,,,,,,,
98,5.585158139,10.45232047,15.76887062,5.323000214,48.791434,43.01048589,16.88731678,16.60928392,4.43221383,,,,,,,,,,,
99,10290.36673,4659.249712,4932.76084,6541.438844,5559.566526,16439.70029,4343.234962,3786.513171,10647.99247,,,,,,,,,,,
100,317.2247088,238.5130023,106.2216198,129.3025527,32326.85498,4129867503,240.7217689,140.92579,102.3979725,,,,,,,,,,,
101,732.5735832,166.0366261,609.4355394,461.8686921,23163.0681,4341027371,260.0155288,166.6344236,190.0468191,,,,,,,,,,,
102,475.4285328,95.10015432,120.2251907,186.576461,32919.59682,4064769754,271.8158037,119.4016114,121.2277276,,,,,,,,,,,
103,357.1487131,60.4155808,107.5422526,158.2911083,35546.08412,4336191662,275.8356867,174.0656526,198.1301454,,,,,,,,,,,
104,486.3913706,175.9387033,163.5034339,522.5865363,24975.62077,4191269596,248.7149303,179.6081396,247.7317976,,,,,,,,,,,
105,454.32659,82.46667743,226.9497797,431.3714918,27151.23952,4193963435,193.145598,214.507299,139.1395191,,,,,,,,,,,
106,806.768602,77.97281253,108.0140819,438.0391651,30504.6586,4278961682,281.7706883,182.3338771,129.8899566,,,,,,,,,,,
107,570.2035501,68.42662756,112.3183858,373.6457759,35457.97642,4272581613,203.2138419,102.501202,178.3506084,,,,,,,,,,,
108,400.0913396,148.178011,152.6899346,488.6472763,29283.38218,4155153537,278.0207071,171.4553159,242.8230734,,,,,,,,,,,
109,264.9714756,88.44304195,75.63505785,302.391831,34529.12191,4045702918,326.1607747,263.3632668,124.5008302,,,,,,,,,,,
110,152.4182137,112.0627916,221.9308848,251.8316284,31210.10617,4244402848,321.2496829,116.4969189,166.8397698,,,,,,,,,,,
111,551.2059724,179.4791803,111.1033199,234.2093653,26342.52724,4187707053,179.0421824,115.9766993,126.2187526,,,,,,,,,,,
112,172.411389,131.4347105,154.1996139,191.0037614,29814.03342,4003076017,423.1675816,219.9193996,239.7114564,,,,,,,,,,,
113,254.9306147,205.6926315,184.2184034,86.4611133,31554.00772,4264304339,243.8467078,128.1249612,179.8147312,,,,,,,,,,,
114,284.9828563,119.5100419,156.5222612,666.210915,27976.48134,4076467775,351.7528722,302.7044401,242.1641778,,,,,,,,,,,
115,538.5351319,82.03911288,80.90944943,165.7757291,28119.13709,4211201089,203.4234406,162.594445,92.13504428,,,,,,,,,,,
116,545.1723824,130.5219554,88.77391652,373.1892128,32267.73096,4079707070,122.2200162,158.2291628,147.4939894,,,,,,,,,,,
117,662.229289,121.6211086,171.0536534,518.2557744,23217.72933,4201182507,419.878451,234.286586,235.770074,,,,,,,,,,,
118,180.3737199,49.60981332,135.5678698,238.7551489,28564.12373,4081945290,193.2240398,186.5617954,105.6771243,,,,,,,,,,,
119,549.4997392,128.4029757,119.1936941,448.8445242,33256.34409,4245981209,110.9660567,87.64283342,92.11392451,,,,,,,,,,,
120,221.7034708,93.4603625,155.4691055,270.7397617,31016.29893,4166787667,254.6342671,178.6847218,181.0481392,,,,,,,,,,,
121,298.0477216,67.9290559,96.46940496,222.3881233,31542.84548,4209974851,234.718069,178.9531305,71.94663397,,,,,,,,,,,
122,325.9532076,275.7370317,220.1277204,333.4738394,29186.48258,4205691814,198.0259295,145.5996426,149.4500544,,,,,,,,,,,
123,642.1505575,233.8560767,93.29668272,375.0226487,32025.84434,4224605677,237.5910103,97.85880801,124.3311898,,,,,,,,,,,
124,557.4092684,155.1497553,146.640012,230.9255768,34890.39104,4203385518,254.6819104,298.9857221,158.7850318,,,,,,,,,,,
125,554.7903423,65.32309837,95.15001817,118.9794127,35702.43186,4065918642,210.6167096,83.49671529,146.4025388,,,,,,,,,,,
126,636.0273282,168.683626,145.460692,255.6867022,25821.43309,4328806061,250.2655868,140.6707255,161.1909737,,,,,,,,,,,
127,637.4630456,154.3703988,109.3955196,252.3344156,28898.37073,4245487003,252.1709806,195.6766195,186.0790154,,,,,,,,,,,
128,248.1181263,59.62928481,101.5706356,214.5285455,35252.05833,4160540342,227.4532256,107.4857528,124.2725608,,,,,,,,,,,
129,967.9109918,240.3683221,147.1007813,391.4509219,23719.47366,4014341607,468.8516631,464.0746312,304.8748855,,,,,,,,,,,
130,590.1949465,106.2191112,114.1776925,379.1238764,26101.14548,4137039050,252.7979695,225.2928131,271.4584144,,,,,,,,,,,
131,605.9401757,206.7111996,131.390969,507.8467155,27101.67604,4124799226,148.5949453,163.5567115,189.802578,,,,,,,,,,,
132,407.5654184,51.75298865,86.17330654,186.6103777,35033.60468,4122826498,96.57517858,112.7129973,115.5151205,,,,,,,,,,,
133,378.4327644,59.10300895,127.4684024,95.05907506,31060.93785,4125487187,308.9235617,328.4407642,161.5358848,,,,,,,,,,,
134,261.3393289,57.66998672,85.03489268,446.4930921,38123.34653,4226751993,224.3309667,155.2846496,171.3773469,,,,,,,,,,,
135,560.6563993,103.7509138,157.5902569,246.173372,29475.58284,4009669943,290.6964468,135.3059042,127.7540974,,,,,,,,,,,
136,325.052891,58.20010991,114.4631778,349.2538485,34641.56304,4038153853,287.9762953,87.90665006,105.8403889,,,,,,,,,,,
137,683.7630758,191.1716951,149.7349945,293.425868,29255.32205,4066262398,282.2712626,197.1379947,119.3947707,,,,,,,,,,,
138,664.0163378,273.5468414,258.8763115,333.8511733,25021.32673,4002377183,566.1722257,435.0580009,321.9536965,,,,,,,,,,,
139,523.7692945,248.1915924,131.5265009,569.7425085,25581.26425,4100687014,302.9640925,172.5624817,204.3868734,,,,,,,,,,,
140,646.1365513,101.3397922,254.123051,301.5895616,25034.09126,4077650764,314.3533914,198.3605737,244.2963965,,,,,,,,,,,
141,511.0405648,97.26078528,101.141702,371.9659286,30567.35318,4180964529,444.1310488,224.3926865,344.3040685,,,,,,,,,,,
142,137.0317784,56.8189222,86.97872409,228.0050289,35967.73907,4248078839,200.5322005,151.2626318,75.12640119,,,,,,,,,,,
143,455.8828627,68.37596865,148.8511218,242.1918911,31792.65882,4011743753,276.4086159,114.2279989,367.9455505,,,,,,,,,,,
144,387.7663618,92.59217765,150.5570286,456.1993865,26938.55944,4275070122,254.8593445,314.9132501,287.3926665,,,,,,,,,,,
145,687.5726802,158.2224609,102.9873166,280.1222928,28651.9732,4059780426,247.0857316,229.1288719,250.7922708,,,,,,,,,,,
146,416.4487008,118.4379191,212.9904249,501.9366592,26294.98843,4046936020,325.2690025,175.6350743,307.9451571,,,,,,,,,,,
147,529.5095502,105.9020681,196.2200332,372.0396127,26352.25044,4217211768,367.7135124,267.7711388,279.5688922,,,,,,,,,,,
148,384.2062978,169.06969,323.8646849,312.9921618,29474.84495,4252143331,300.4858337,175.6795651,215.3905379,,,,,,,,,,,
149,399.4993731,135.8246162,67.64243124,380.3647215,30735.73709,4192640292,227.3214618,105.0155947,157.033444,,,,,,,,,,,
150,373.2610203,97.39071774,212.532758,100.2874346,491.6721387,29368.79688,80.69123823,117.699725,369.6814548,,,,,,,,,,,
151,377.5438775,101.3688515,171.8635006,97.13321041,494.3728447,30225.92883,103.8095465,115.6581399,368.3134429,,,,,,,,,,,
152,382.1249933,77.8305716,129.1747238,95.50339082,487.9846371,29375.03537,123.4526148,100.512259,368.3906824,,,,,,,,,,,
153,371.1708723,73.02912195,180.2271044,91.72923889,496.7789268,29919.26313,138.6704275,122.5631628,345.1043321,,,,,,,,,,,
154,343.4907742,90.11771268,190.909555,93.45660074,505.068674,29851.79325,108.9376677,107.4831523,364.3374339,,,,,,,,,,,
155,371.284846,93.11477087,135.8219318,98.25477411,514.5546987,29242.16164,119.5699495,92.19185423,352.8213009,,,,,,,,,,,
156,336.2798948,84.09762998,209.3750914,92.8331212,486.3127465,29734.32054,96.99915826,84.741159,364.1938854,,,,,,,,,,,
157,366.5627721,81.53223003,175.9641674,102.7281498,502.8454666,29562.43033,108.6242548,91.70210612,355.061697,,,,,,,,,,,
158,361.9565269,101.8790663,221.0627285,98.20022777,498.7704063,28778.06741,104.4850365,107.323327,352.6731829,,,,,,,,,,,
159,361.8003493,73.15881171,212.0104459,93.75071777,489.7043831,30284.19059,89.07089348,119.4242675,377.4826486,,,,,,,,,,,
160,373.333315,81.31842416,269.8441046,92.54777097,511.021045,29664.64353,95.11140185,118.6144984,351.1365816,,,,,,,,,,,
161,339.0630417,91.08695994,222.4387911,95.44021405,514.5093865,30541.61338,87.08247089,96.16254097,363.2159985,,,,,,,,,,,
162,340.9791869,74.417512,219.1860803,95.92983866,510.7416636,29773.35046,110.2653338,84.18937223,357.7545413,,,,,,,,,,,
163,383.0916733,105.3853294,185.2907162,103.8200478,538.8063238,29825.71026,99.23875401,98.23939264,368.7850432,,,,,,,,,,,
164,369.4976946,119.4569932,191.0848624,97.59479392,502.9411747,29591.16088,149.1973507,113.4656143,356.0099646,,,,,,,,,,,
165,360.3638777,84.18691848,209.19204,94.28519464,530.229098,29802.69865,100.9999172,91.59033612,370.7287223,,,,,,,,,,,
166,330.5345199,85.54085508,222.9534146,99.16776715,527.9423046,29681.35019,97.6552389,107.7935265,364.7997313,,,,,,,,,,,
167,358.2039491,80.99721161,168.2010718,96.70335173,494.8264445,29783.57844,90.44958239,97.46076121,355.6883545,,,,,,,,,,,
168,353.2864223,76.51477776,148.4236349,85.70843216,478.0515746,28868.97215,122.5991024,117.8725207,361.7022435,,,,,,,,,,,
169,325.3062452,77.8476443,219.7408927,98.45620548,551.1163412,29522.99798,108.1344569,104.8678926,364.8678373,,,,,,,,,,,
170,353.0209761,78.29246202,175.6948209,98.64783719,494.5496267,29591.28475,146.8001355,105.025153,354.9845024,,,,,,,,,,,
171,355.5744731,84.12593449,157.4425357,97.49177335,504.0126402,29481.88762,112.830675,81.66574733,364.7594324,,,,,,,,,,,
172,360.9990504,90.85656017,175.1506317,105.2382578,533.7455456,29802.72767,114.4835646,114.7081588,365.6368052,,,,,,,,,,,
173,365.3148402,72.30265603,162.1426887,88.5313878,475.0112149,29589.21094,93.39397327,90.5024252,371.1626496,,,,,,,,,,,
174,354.9896706,71.68353268,178.4256248,96.00521666,503.9522197,29276.00106,104.5864642,109.0600062,342.6149867,,,,,,,,,,,
175,377.1690557,91.41018412,139.4708264,92.98710249,515.7806069,29572.39953,99.95118708,132.9106147,369.9842699,,,,,,,,,,,
176,370.6113661,71.61599878,204.4565437,83.93754983,562.5825852,29406.89146,147.6728519,147.5595348,319.9535305,,,,,,,,,,,
177,347.6271723,69.50857194,196.3822834,98.46362895,528.7959887,29541.11206,109.0761157,105.86093,372.0729472,,,,,,,,,,,
178,373.6502202,63.04354183,173.2868222,98.14101503,500.4234607,29222.76856,112.5816919,149.9764366,382.0514492,,,,,,,,,,,
179,352.3382865,71.17984437,156.2322586,98.07123839,499.0300708,29525.64701,87.66849959,122.5097309,372.1772604,,,,,,,,,,,
180,366.8862951,91.32376507,182.3064264,90.86584956,493.5190236,29360.86461,143.7454971,81.34847501,381.4714761,,,,,,,,,,,
181,373.1148903,75.5050338,199.0659048,89.49939945,515.3951887,29187.2918,82.88661876,81.54751643,357.6610801,,,,,,,,,,,
182,349.4453786,83.25278104,201.338168,88.29155925,500.0389994,29356.44,151.743988,58.44722615,360.4651149,,,,,,,,,,,
183,348.5180006,92.3483157,207.9604773,95.59549261,514.8965958,30036.24517,142.0103542,61.06043106,367.4246121,,,,,,,,,,,
184,340.4791394,91.52561433,174.3200064,94.89108253,473.9535036,29597.48033,113.5354571,68.45243799,371.6230282,,,,,,,,,,,
185,348.8129091,91.53449997,165.0402862,93.46564909,505.48159,29500.58852,135.1180258,89.82609339,370.7757881,,,,,,,,,,,
186,349.3464106,90.27718169,171.9298879,90.50289923,501.6228561,29748.44121,133.6128892,97.34730721,355.9026157,,,,,,,,,,,
187,369.2389287,84.11137308,144.1555387,96.00883365,497.984108,29575.64387,87.68204106,108.5533036,345.6370821,,,,,,,,,,,
188,341.7300408,69.5873063,155.8043708,93.44404155,486.8661341,29820.9163,103.8798256,80.27334452,365.0024843,,,,,,,,,,,
189,336.5781063,94.46997495,145.1154693,96.46829553,500.85394,29698.82545,134.381006,93.67935209,361.9838998,,,,,,,,,,,
190,332.8719343,88.1924851,229.4769344,94.66262531,514.6245861,29546.81631,84.85763681,113.1559889,360.5070087,,,,,,,,,,,
191,381.1756597,86.8321335,197.3219765,95.70216412,480.7698666,29980.1715,146.0294898,78.56410013,365.6340234,,,,,,,,,,,
192,378.0409738,70.52293496,174.5263528,94.93129572,537.1792862,30015.97429,120.9049588,89.70536482,345.5758854,,,,,,,,,,,
193,376.8689374,80.20760134,134.9830327,104.6694681,495.6936811,29154.6092,104.9880184,101.3900539,363.0587156,,,,,,,,,,,
194,331.0721371,96.84599192,115.3777995,104.4315446,498.844482,29403.34251,80.11179684,105.5103407,364.7078934,,,,,,,,,,,
195,380.3626095,77.41904707,176.0509539,93.10153879,493.6423918,30095.19659,126.9065747,94.72661146,368.7361672,,,,,,,,,,,
196,364.0084176,73.0497287,214.6275748,94.19899408,531.8019977,29641.4516,122.9243006,102.6682529,381.6013251,,,,,,,,,,,
197,373.7409878,74.97833038,217.2508709,97.79804368,489.4851506,29421.98419,113.780974,93.92143013,367.9983464,,,,,,,,,,,
198,355.0689882,76.56536816,166.6009635,102.8494468,497.1353352,29622.57724,118.7299944,95.56162251,377.8529107,,,,,,,,,,,
199,361.0812827,88.27234402,182.2378095,100.639123,520.9058479,29211.57863,110.1545244,65.77355376,367.1356979,,,,,,,,,,,
200,1.08E-05,0,16.12419934,0.004305884,21.06213016,116920.542,0,0,2.00E-05,,,,,,,,,,,
201,147.5273625,150.2877057,196.2168292,129.163366,32565.03539,4781782580,146.0463564,394.2742885,167.2310341,,,,,,,,,,,
202,0.003720896,0,0,0.040662681,5.154019835,21.36211623,0,0,0.002351152,,,,,,,,,,,
203,1.06E-05,0,7.279013201,0.003505425,20.74685583,122961.7076,0,0,2.01E-05,,,,,,,,,,,
204,334.5871025,637.2815139,210.5683021,598.7959291,30818.96114,4714233287,156.9065759,80.91483645,251.1578031,,,,,,,,,,,
205,0.004502219,0,0,0.020973849,4.816844605,21.3671831,0,0,0.00223664,,,,,,,,,,,
206,1.24E-05,0,62.99768773,0.004018528,20.27883303,118329.6129,0,0,2.06E-05,,,,,,,,,,,
207,699.7821659,367.927007,437.9823857,732.1484114,35793.33376,4628896974,162.3840114,273.7136871,398.4570932,,,,,,,,,,,
208,0.002939693,0,0,0.028048649,5.20972573,21.38203181,0,0,0.002102041,,,,,,,,,,,
209,1.32E-05,0,0.004141376,0.004252379,21.7556545,121716.0208,0,0,2.00E-05,,,,,,,,,,,
210,181.7477584,173.8748596,188.4692156,425.7515072,29583.87064,4754983710,91.62842033,82.81929041,252.278389,,,,,,,,,,,
211,0.003353704,0,0,0.027358642,5.175328553,21.36213057,0,0,0.002092608,,,,,,,,,,,
212,1.27E-05,0,6.463751215,0.004396837,19.82661831,120902.5018,0,0,1.78E-05,,,,,,,,,,,
213,965.2557955,310.1220073,676.1353456,784.6215774,24835.89193,4713601368,266.7410172,338.7840601,735.0655467,,,,,,,,,,,
214,0.004056298,0,0,0.030554816,5.189583614,21.3818429,0,0,0.001960152,,,,,,,,,,,
215,1.16E-05,0,0,0.003751129,21.45022757,120755.7772,0,0,1.93E-05,,,,,,,,,,,
216,430.1096678,706.2936887,540.7904295,260.9698654,26070.50257,4414437466,162.4977566,233.6747942,713.401803,,,,,,,,,,,
217,0.004089529,0,0,0.021938908,5.109351499,21.35278278,0,0,0.001944999,,,,,,,,,,,
218,1.32E-05,0,1.419093071,0.004576316,20.70270153,120615.7403,0,0,1.72E-05,,,,,,,,,,,
219,132.7905985,221.0254767,391.3789009,391.9757665,15480.33808,4709134839,324.5126609,97.00809125,358.4848496,,,,,,,,,,,
220,0.004011283,0,0,0.027857252,5.011572146,21.36425598,0,0,0.001981534,,,,,,,,,,,
221,1.26E-05,0,39.12842278,0.003865053,21.05826917,118733.8686,0,0,2.05E-05,,,,,,,,,,,
222,497.4143916,643.4602729,885.88066,935.3900417,8636.362354,4730713041,263.5801545,334.1566256,917.4721077,,,,,,,,,,,
223,0.004230644,0,0,0.021411438,5.11136899,21.36905377,0,0,0.002075454,,,,,,,,,,,
224,1.07E-05,0,0.931107945,0.004294617,20.74801113,122691.1572,0,0,2.04E-05,,,,,,,,,,,
225,215.1243814,207.581268,362.3528217,345.0207168,24115.58731,4446068932,131.0260011,192.8053479,515.771848,,,,,,,,,,,
226,0.006236082,0,0,0.021607767,4.92136792,21.38064979,0,0,0.002130522,,,,,,,,,,,
227,1.33E-05,0,0.60171908,0.003702207,19.09139332,120944.6981,0,0,2.06E-05,,,,,,,,,,,
228,442.6016078,430.5856752,4378.738192,698.4918875,15466.71246,4348315198,242.9197902,409.7399496,551.6672196,,,,,,,,,,,
229,0.003710628,0,0,0.022368599,5.16494935,21.37527176,0,0,0.001980942,,,,,,,,,,,
230,1.20E-05,0,2.374268892,0.003464903,19.72976798,120378.7714,0,0,2.02E-05,,,,,,,,,,,
231,836.9744799,336.8496072,1197.329405,780.3921701,7699.411403,4419353232,641.3866385,223.9414231,940.5079758,,,,,,,,,,,
232,0.004974584,0,0,0.040719177,4.861428085,21.36868232,0,0,0.001973771,,,,,,,,,,,
233,1.21E-05,0,0.323555442,0.004340267,20.46467491,121426.9431,0,0,1.98E-05,,,,,,,,,,,
234,925.641786,356.9096606,1165.603724,748.2471597,7839.260732,4549857197,396.8829854,592.1190879,962.0077388,,,,,,,,,,,
235,0.003373192,0,0,0.043981686,4.780902101,21.35996687,0,0,0.002131769,,,,,,,,,,,
236,1.09E-05,0,0.012103863,0.003458133,20.70537065,119715.1676,0,0,2.02E-05,,,,,,,,,,,
237,816.5727682,494.3186372,842.1745806,893.7067965,9384.562979,4915742518,758.793122,492.8849213,922.4517015,,,,,,,,,,,
238,0.003174139,0,0,0.020493757,5.144308203,21.3798255,0,0,0.001956422,,,,,,,,,,,
239,1.14E-05,0,0.367755576,0.005509376,19.42041224,123532.6072,0,0,1.83E-05,,,,,,,,,,,
240,706.0469481,409.6711361,547.1925219,518.8212154,18065.7843,4526320320,262.233843,158.3520715,692.5728445,,,,,,,,,,,
241,0.004013887,0,0,0.026679117,5.068378733,21.38123319,0,0,0.002018577,,,,,,,,,,,
242,1.19E-05,0,0,0.004274013,19.32619185,120822.3608,0,0,1.90E-05,,,,,,,,,,,
243,573.4448813,237.8310282,732.1675384,244.4921329,12062.22492,4757965805,300.2132637,422.9791315,274.211407,,,,,,,,,,,
244,0.004200598,0,0,0.041436587,5.332048761,21.37606123,0,0,0.001932359,,,,,,,,,,,
245,1.06E-05,0,0.399596455,0.003664652,19.26133136,119587.9625,0,0,1.87E-05,,,,,,,,,,,
246,213.0802929,291.4237808,246.6446916,219.2374033,50981.19311,4713203240,107.8085578,117.7131812,350.6258501,,,,,,,,,,,
247,0.003237693,0,0,0.025955966,5.098745861,21.3772779,0,0,0.002081054,,,,,,,,,,,
248,1.11E-05,0,21.70218549,0.004114584,20.37660838,119385.406,0,0,1.64E-05,,,,,,,,,,,
249,617.8969707,788.5901751,527.8084294,505.8782516,11624.33351,4448920687,419.7210108,365.5243002,708.1210235,,,,,,,,,,,
250,379.329939,138.2195371,125.1330813,97.92881112,616.5579699,30631.1125,95.09360224,81.15104758,359.2778575,,,,,,,,,,,
251,0.000775952,0,0.000246537,0.006760831,0.585454499,30.64340219,0,0,0.000835831,,,,,,,,,,,
252,4.14940894,2.286371161,8.375519815,2.300780484,41.10070918,42.78804907,10.48824106,10.14003973,1.588269782,,,,,,,,,,,
253,348.5375347,114.0844935,106.5061585,97.22878981,620.5883442,30594.83324,99.1866322,91.13933915,376.4645353,,,,,,,,,,,
254,0.000597417,0,0.002553419,0.006971479,0.587582931,30.92730371,0,0,0.000810634,,,,,,,,,,,
255,4.095998524,2.669890671,7.720042491,2.452582551,41.69697959,42.59034985,11.68915646,9.894469003,1.735597193,,,,,,,,,,,
256,362.3292109,116.6726061,171.6901624,100.0104715,603.049645,30721.89399,104.390679,95.07333552,356.0810368,,,,,,,,,,,
257,0.001059386,0,0.00271042,0.007461169,0.577213927,31.53178874,0,0,0.00085286,,,,,,,,,,,
258,3.932785145,2.167404964,7.484848258,2.637501997,40.65485548,42.78070703,12.26305352,11.93136245,1.542704498,,,,,,,,,,,
259,360.223337,112.3642538,159.3295415,96.47321547,553.3832894,31385.24045,75.43886855,70.37006264,355.4954073,,,,,,,,,,,
260,0.000600046,0,0.0018073,0.007562333,0.566847714,31.32942379,0.00049307,0,0.001088376,,,,,,,,,,,
261,3.510520613,1.82482136,7.462249445,2.467905947,39.54862545,42.50964604,11.08820657,11.1946438,1.440218034,,,,,,,,,,,
262,377.1248612,121.3967952,148.570783,98.21600395,602.2193561,31377.13865,67.89991176,91.56139726,363.4453667,,,,,,,,,,,
263,0.000694539,0,0.000821647,0.007831726,0.588094679,31.61484776,0,0.000246535,0.000777177,,,,,,,,,,,
264,2.940007116,2.415020934,8.615045122,2.655174305,41.58948791,42.72056986,10.80941703,9.485490201,1.892702828,,,,,,,,,,,
265,350.6932712,122.271136,88.21599191,102.5206503,573.4334867,30962.07432,121.5023361,82.66526175,370.7308704,,,,,,,,,,,
266,0.000868171,0,0.000246542,0.006533508,0.567916634,31.11718012,0.000246535,0,0.001041739,,,,,,,,,,,
267,4.231511959,2.331317674,8.727416673,3.142426456,38.7076087,42.94216185,8.231155738,9.103420439,1.553974683,,,,,,,,,,,
268,368.4631697,111.243806,160.4966588,95.32349123,577.4560388,30930.64708,90.21840913,114.491415,367.1976424,,,,,,,,,,,
269,0.001144176,0,0.000493072,0.00699209,0.585305149,31.43382899,0,0,0.000784528,,,,,,,,,,,
270,3.704812056,2.399245894,7.827799624,2.439012904,41.38648932,42.83353212,11.12996557,11.69683042,1.64701344,,,,,,,,,,,
271,337.9023,142.3433759,146.9731253,105.6805777,603.4327712,30949.41502,104.147082,126.0240473,360.4055023,,,,,,,,,,,
272,0.000680867,0,0.000492416,0.007836603,0.602484304,31.30056336,0,0.000246545,0.000910476,,,,,,,,,,,
273,3.825965026,2.882274813,8.901318375,3.257204271,41.35842981,42.74154947,12.26905281,13.55537416,1.94828992,,,,,,,,,,,
274,363.9230574,114.7221488,95.98364639,87.82717635,581.0290989,30597.49658,101.6529964,106.8844437,343.9190365,,,,,,,,,,,
275,0.000841399,0,0,0.007698828,0.58237959,32.13809344,0.000575111,0.000246535,0.000771834,,,,,,,,,,,
276,3.926694504,2.808733818,10.14752048,2.751164815,41.59190652,42.72883817,12.91894699,13.3018123,1.982982108,,,,,,,,,,,
277,342.5015711,115.7298683,102.1010481,100.0279325,565.3513022,30418.33353,107.2105015,102.01528,354.7374789,,,,,,,,,,,
278,0.00092674,0.000328576,0.000246537,0.007074453,0.559443928,31.2030594,0,0.000410536,0.000902265,,,,,,,,,,,
279,3.085656695,2.793198499,9.281486451,2.798639216,40.33138208,42.89623192,13.41584184,11.49068253,2.043339682,,,,,,,,,,,
280,346.1071319,123.3229526,149.4646985,91.07832211,600.890649,30671.5599,138.8965863,110.46142,350.3229136,,,,,,,,,,,
281,0.000658922,0.000328576,0.01391355,0.006784608,0.581815981,30.89782649,0.000246535,0,0.000827835,,,,,,,,,,,
282,3.131622315,2.530521424,8.424082232,2.353530383,40.21953731,42.76044562,10.64721793,10.39830285,1.616949545,,,,,,,,,,,
283,354.9835379,172.352444,78.32889266,100.2450369,546.9647227,30418.60626,108.2953276,105.3512818,322.2302104,,,,,,,,,,,
284,0.001123901,0,0.000739606,0.007706045,0.583430887,31.45347285,0,0.000246535,0.00081397,,,,,,,,,,,
285,3.115580918,2.162902087,4.465778009,2.567503349,40.63618159,42.96086675,11.34873967,10.42107022,1.701244732,,,,,,,,,,,
286,326.4311176,145.1267217,110.6586492,96.51617976,599.6557808,31127.87926,111.3223787,63.78020528,372.4090748,,,,,,,,,,,
287,0.000664476,0,0.001068182,0.007543201,0.588841303,31.94984517,0,0.000246535,0.001050412,,,,,,,,,,,
288,3.01349657,2.665093481,9.741555361,2.798577575,43.56087764,42.71230572,11.5581394,12.9686096,1.919566344,,,,,,,,,,,
289,376.6047019,133.4948708,86.66000054,97.00032371,570.5079797,29737.83351,71.5229633,78.01731267,357.9772074,,,,,,,,,,,
290,0.000649951,0,0,0.006373172,0.578238629,31.49244639,0,0,0.000830679,,,,,,,,,,,
291,3.522561005,1.908538229,7.817358306,2.367536743,39.27496279,42.43396161,11.95398623,10.6833761,1.546647745,,,,,,,,,,,
292,364.080994,95.59820507,136.4498897,103.4744136,602.2322859,31102.44649,125.7951115,113.9588976,357.1511112,,,,,,,,,,,
293,0.000741634,0,0.001219486,0.007107475,0.573616475,31.00648995,0,0.000246536,0.000804376,,,,,,,,,,,
294,4.122451522,1.974827723,7.842229597,2.818702819,42.18223343,42.88539873,10.24711402,10.23021767,1.574925977,,,,,,,,,,,
295,356.175063,128.3060774,142.8302162,96.16227226,618.7728212,30668.72139,146.6368998,118.6155508,348.1221222,,,,,,,,,,,
296,0.000630483,0,0.000985496,0.006777053,0.596122277,30.5310816,0,0.000328576,0.000818051,,,,,,,,,,,
297,2.847939589,3.044639056,7.282025567,2.308722935,38.82209385,42.6633051,10.69104166,10.65147484,2.153108005,,,,,,,,,,,
298,365.5915012,97.81155875,182.3227917,98.01332354,589.9931717,31444.18241,98.15389157,79.33784254,371.9846821,,,,,,,,,,,
299,0.001295995,0,0.000985649,0.00724501,0.583010623,31.67395587,0.00049307,0.000246535,0.001104226,,,,,,,,,,,
300,613.2570338,526.4548766,457.2186166,541.3420829,31734.89829,4368264262,343.6736409,204.4968869,334.1673995,,,,,,,,,,,
301,0.000739723,0,0.006802601,0.007427385,0.582410273,31.27249096,0,0.000821892,0.001233445,,,,,,,,,,,
302,12475.31196,6805.578482,7186.232073,8707.509805,7631.325204,17327.16625,6139.98327,6525.72648,13268.98574,,,,,,,,,,,
303,518.2692458,456.9091411,429.4355733,302.1474242,65709.26173,4515866211,278.0445347,120.6327896,210.4781577,,,,,,,,,,,
304,0.00063989,0,0.003684951,0.00669966,0.541338898,30.80861273,0.000246535,0,0.001085539,,,,,,,,,,,
305,12935.07114,6545.55214,7441.754875,9002.386162,7649.38049,17122.8423,6493.315666,6625.777857,12654.06982,,,,,,,,,,,
306,495.2899212,418.5909162,487.9349469,601.0170224,17991.86236,4561353427,143.1055775,100.6288732,337.5460931,,,,,,,,,,,
307,0.00130021,0,0.029142033,0.007829564,0.569353463,31.28141848,0.000246535,0,0.000912021,,,,,,,,,,,
308,12762.35564,6381.461525,7084.351767,8338.226025,7407.163336,17064.76132,6265.550081,6343.13388,12668.7456,,,,,,,,,,,
309,364.7044893,982.9634949,309.1562673,346.2673601,9690.595224,4753337794,248.9934976,384.2762712,465.4352518,,,,,,,,,,,
310,0.001095566,0,0.002953564,0.007155671,0.532094846,31.35036589,0.00057421,0.000246535,0.000874339,,,,,,,,,,,
311,12784.96533,6387.804227,6991.488971,8910.472077,7619.983574,17091.36516,6569.720626,6530.202632,12846.09673,,,,,,,,,,,
312,168.2201255,200.9378632,618.3412535,280.1461554,47861.5024,4383353109,128.555114,67.07121449,498.5326282,,,,,,,,,,,
313,0.000659975,0,0.002710917,0.007683731,0.567562633,30.9397099,0,0.000328576,0.000850358,,,,,,,,,,,
314,12935.5453,6769.789597,7159.990615,8559.223807,7730.142025,17204.464,6457.962718,6299.503554,11698.76408,,,,,,,,,,,
315,386.2613054,408.5341006,832.5631602,690.7546081,19990.31093,4317477268,341.8963968,308.8655621,476.4106143,,,,,,,,,,,
316,0.000602005,0,0.002027191,0.006614488,0.558709165,31.35464312,0.0004107,0,0.000918992,,,,,,,,,,,
317,12425.36925,6135.741798,7195.742348,8973.804933,7862.868107,17259.84046,6466.906235,6555.366297,13220.8757,,,,,,,,,,,
318,284.6546442,207.4916555,312.3435944,122.7740582,45626.18902,4714539792,119.6003089,60.42618287,66.68440972,,,,,,,,,,,
319,0.000705068,0,0.001831954,0.007230202,0.563851129,32.10622891,0.000657235,0,0.00119778,,,,,,,,,,,
320,12974.9008,6570.068282,7303.525329,8632.235638,7682.131585,17311.38375,6328.424125,6692.767593,12498.47673,,,,,,,,,,,
321,787.0931773,392.8291766,1113.59931,605.0813588,29430.88289,4459481459,192.9997033,367.8179194,602.8522601,,,,,,,,,,,
322,0.000665796,0,0.001724761,0.006815928,0.567693672,31.60157683,0.000246535,0.00049307,0.001035259,,,,,,,,,,,
323,12310.36401,6315.641146,6995.390554,8937.62627,7482.194252,17103.01296,6489.382817,6786.290836,12095.18646,,,,,,,,,,,
324,300.4456621,753.5971426,1013.889481,340.6821994,30121.75103,4407201916,100.3875519,316.0289161,447.1056258,,,,,,,,,,,
325,0.000704734,0,0.002462098,0.007109942,0.580721733,32.14962548,0,0.000410537,0.000715638,,,,,,,,,,,
326,12680.59669,5889.076835,7112.915835,8420.126017,7287.18225,17154.40575,6314.909777,6315.588616,12310.55132,,,,,,,,,,,
327,417.2550327,469.2572774,576.2831846,430.6379783,12517.15579,4680040381,75.35746894,133.009132,280.7275393,,,,,,,,,,,
328,0.000693353,0,0.028781655,0.0070135,0.562484508,32.0340552,0.00049307,0,0.000944511,,,,,,,,,,,
329,12416.4817,6353.340209,7379.070502,9043.760515,7399.859671,17181.38852,6857.903094,6458.433509,12733.83327,,,,,,,,,,,
330,895.5049318,404.3501502,520.4844035,787.0561011,33719.86444,4711811560,294.6510793,316.8682146,393.0636889,,,,,,,,,,,
331,0.000892939,0,0.002956549,0.006723113,0.565843177,31.32763314,0.00049307,0,0.000800126,,,,,,,,,,,
332,12976.9537,6480.10406,7082.223745,8911.953095,7416.433619,17218.15893,6247.940925,6545.940454,12070.31712,,,,,,,,,,,
333,540.134903,623.2772534,556.5693823,220.093071,24742.53699,4716750143,196.5690304,274.1171663,382.1832791,,,,,,,,,,,
334,0.000761963,0,0.001724869,0.007561607,0.551959564,31.17752114,0,0,0.001172613,,,,,,,,,,,
335,12370.54323,6151.952404,7182.659594,8693.605154,7837.30091,17036.20333,6477.527451,6448.79597,12706.57216,,,,,,,,,,,
336,692.8329559,471.476862,4873.997732,457.8288963,32226.46096,4225513112,170.3325364,93.14241124,158.9471122,,,,,,,,,,,
337,0.000658295,0,0.001314727,0.007009731,0.572774675,31.30294673,0.00049307,0,0.00083649,,,,,,,,,,,
338,12261.58575,6374.432996,7501.619344,8989.723379,7969.598718,17241.83904,6729.797073,6798.076449,12787.8191,,,,,,,,,,,
339,243.4648268,504.9481741,1038.824976,760.8002422,14119.25559,4690866057,294.0419908,375.8459146,576.3241726,,,,,,,,,,,
340,0.000607813,0,0.002794241,0.006730454,0.5722569,31.41064142,0,0,0.001223878,,,,,,,,,,,
341,13027.53755,6068.952075,7233.146595,8862.115192,7825.618555,17291.20682,6610.15004,6400.813052,12752.52837,,,,,,,,,,,
342,547.1835383,486.0455885,805.1547084,627.0060865,51781.11715,4570576479,415.9828077,269.9898651,503.5197759,,,,,,,,,,,
343,0.000752851,0,0.006839049,0.006861068,0.578619205,31.62807216,0,0.000246535,0.000891493,,,,,,,,,,,
344,12229.76398,6340.331286,7181.985186,8794.826912,7534.659028,17222.60593,6778.632866,6493.477001,12734.33378,,,,,,,,,,,
345,1220.319639,642.3506071,1277.798873,620.0373258,29153.13759,4724756484,444.7912523,407.6141457,948.8472671,,,,,,,,,,,
346,0.000707172,0,0.000826587,0.007510293,0.55383914,31.13491572,0,0,0.000862637,,,,,,,,,,,
347,12309.05907,6895.804299,7302.674311,9154.279342,8010.820053,17229.29265,6372.991368,6706.081145,12793.62057,,,,,,,,,,,
348,514.4056566,646.4714744,644.8183882,401.0204972,9272.013208,4642896117,168.0005045,174.6134644,540.4091011,,,,,,,,,,,
349,0.000637187,0,0.001403395,0.006659992,0.568164231,31.24843084,0.000575114,0,0.001029751,,,,,,,,,,,
350,0.003614615,0,0,0.033222854,5.224022403,21.36455514,0,0,0.002265606,,,,,,,,,,,
351,339.08363,122.5023543,146.3578727,96.33776647,584.7892191,30920.35097,79.38654844,108.7273349,352.6235354,,,,,,,,,,,
352,3.257856433,3.19115434,12.72637429,2.683870136,39.32821433,42.89784767,12.72209,11.99131702,1.830767062,,,,,,,,,,,
353,0.003689078,0,0,0.022538161,4.929015836,21.37658719,0,0,0.002707272,,,,,,,,,,,
354,369.7779569,117.5659306,114.4772307,93.47341228,587.7672041,30518.13926,107.4306026,139.4671119,344.5521622,,,,,,,,,,,
355,3.721171502,2.907992172,12.72011851,2.489342916,40.48336109,42.68037129,13.27221065,13.03677219,1.925215029,,,,,,,,,,,
356,0.002861768,0,0,0.023136717,5.082780567,21.37725419,0,0,0.00209591,,,,,,,,,,,
357,372.2662565,108.4909739,144.6983926,97.70929127,590.7398455,30622.02407,87.41018487,84.63085708,354.7340452,,,,,,,,,,,
358,2.852612342,2.857972964,13.89412702,3.093052975,39.7104,42.8075131,10.6680105,11.25721745,1.993754469,,,,,,,,,,,
359,0.004038406,0,0,0.029210193,4.96430737,21.37889735,0,0,0.002023162,,,,,,,,,,,
360,349.2747067,134.0324482,127.547747,100.5861146,593.4394311,31411.89043,119.7812599,119.9806836,363.8105093,,,,,,,,,,,
361,3.398322868,3.197667817,12.47704942,3.149624407,41.08261045,42.96504541,10.77934753,11.44607077,1.752659334,,,,,,,,,,,
362,0.004259689,0,0,0.021377946,5.025015291,21.35690947,0,0,0.002155077,,,,,,,,,,,
363,354.5951938,111.3847805,126.5529975,98.13574811,571.1710657,30546.24658,118.2149548,70.24008187,337.4093577,,,,,,,,,,,
364,3.074862086,4.23512368,12.13107845,2.911071954,41.59709202,42.8557969,12.63292909,13.13885391,1.796830818,,,,,,,,,,,
365,0.003513433,0,0,0.025495138,5.031695868,21.36283164,0,0,0.002221826,,,,,,,,,,,
366,383.5146253,113.2081139,105.3196042,97.2151206,593.0387287,31038.25499,106.04826,104.0981727,359.0664973,,,,,,,,,,,
367,3.028712028,2.802572032,11.95120454,2.79426548,43.73111753,42.55042944,11.89036161,11.96376392,1.697268017,,,,,,,,,,,
368,0.003931156,0,0,0.023364949,5.051475357,21.36659905,0,0,0.002158624,,,,,,,,,,,
369,362.3792972,98.24561626,114.9155554,98.60395575,576.1574087,31217.75848,90.91722219,91.74236938,373.2273504,,,,,,,,,,,
370,3.50357292,2.803078077,10.47648226,2.550357348,40.24504689,42.93721495,11.11347731,10.053827,1.888292,,,,,,,,,,,
371,0.003741163,0,0,0.031483949,5.426324525,21.38091346,0,0,0.002251626,,,,,,,,,,,
372,360.5328433,145.9349347,191.4951068,92.62363905,644.8750986,30988.24622,143.3559886,92.89682086,369.7390479,,,,,,,,,,,
373,4.110527529,3.577691484,13.53170988,3.31411729,39.58064315,43.02821952,10.79096519,10.98956725,2.165298341,,,,,,,,,,,
374,0.003202208,0,0,0.026617992,5.155980927,21.37725299,0,0,0.002205385,,,,,,,,,,,
375,343.7757755,140.8492346,86.91217267,92.45912258,575.9651657,31433.03588,82.61578032,135.9748848,372.7560119,,,,,,,,,,,
376,4.129556467,3.760541759,13.94492113,2.512994285,42.15890045,42.69689263,9.953533687,10.21847853,1.928792352,,,,,,,,,,,
377,0.003615612,0,0,0.031196992,5.364288775,21.38399225,0,0,0.001967647,,,,,,,,,,,
378,367.9090622,133.0595168,118.0071549,90.66167147,598.0131842,30940.1916,118.3277843,110.661929,360.3017177,,,,,,,,,,,
379,3.621596043,2.84993259,11.94264065,2.818256078,40.74563968,43.02353215,11.74088732,11.58873966,2.019679025,,,,,,,,,,,
380,0.004088326,0,0,0.025809472,5.044188821,21.37334196,0,0,0.002183752,,,,,,,,,,,
381,355.5775812,109.6626812,110.6062923,97.76628707,621.4184979,31041.70272,94.66245827,128.8787344,371.2511975,,,,,,,,,,,
382,3.208265324,3.250623535,11.99310847,2.612617469,40.80237098,42.78726066,10.09783326,9.941203434,2.194964914,,,,,,,,,,,
383,0.003486468,0,0,0.025937828,5.09363532,21.36461333,0,0,0.001992887,,,,,,,,,,,
384,364.3185001,110.2890545,134.9910361,94.52507844,581.9076829,30800.43625,122.1492033,83.93420451,352.0993502,,,,,,,,,,,
385,3.166934876,3.354643122,12.09249096,2.883817156,42.33438274,42.59575611,11.70910695,10.9019655,2.103098919,,,,,,,,,,,
386,0.003520766,0,0,0.025321066,4.821474168,21.37914488,0,0,0.00206406,,,,,,,,,,,
387,350.2024954,117.1994267,122.6591578,89.41318198,591.2258144,30782.18024,131.3034961,93.64147923,375.713873,,,,,,,,,,,
388,3.444104989,2.263188377,10.76593494,2.623929065,38.91108939,42.99283642,9.573265512,9.925849654,1.422102942,,,,,,,,,,,
389,0.003237134,0,0,0.024031727,5.09703365,21.36994709,0,0,0.00215097,,,,,,,,,,,
390,360.2739658,114.5071399,109.1764072,93.23677565,611.7728028,31148.6724,108.9718896,118.8629679,347.6839872,,,,,,,,,,,
391,2.790739867,3.303672913,11.88130294,4.028345372,40.79599251,42.89228428,12.64230045,11.34015495,1.869661473,,,,,,,,,,,
392,0.00338252,0,0,0.024146541,5.090005444,21.36457106,0,0,0.002225854,,,,,,,,,,,
393,357.6497686,138.5070344,120.0226125,95.06058979,594.028712,30727.14888,85.62227449,103.9978921,373.0840561,,,,,,,,,,,
394,3.69361907,2.440351289,14.66125508,2.946170595,40.47990702,42.64329356,8.317575125,9.792602614,1.745425763,,,,,,,,,,,
395,0.003569506,0,0,0.048578179,5.012244806,21.36936351,0,0,0.002163243,,,,,,,,,,,
396,358.4077314,104.1024115,114.9964213,99.65052526,611.2329557,30518.36938,117.7244083,101.9022063,356.7067496,,,,,,,,,,,
397,3.734477136,3.119044363,8.900024639,2.907751072,42.47563084,42.69911513,10.61053735,11.45810241,2.060495225,,,,,,,,,,,
398,0.003212796,0,0,0.034756119,4.869003929,21.37717647,0,0,0.002258091,,,,,,,,,,,
399,353.923996,87.33436553,131.8674092,98.63801793,619.1905413,30683.39733,109.3348503,115.3615962,343.3410745,,,,,,,,,,,
400,492.5370747,294.6333841,499.5807921,332.2201368,37810.58034,6299168496,313.138875,233.4299664,527.1764493,,,,,,,,,,,
401,0.091249925,0,0,0.021070391,20.14747826,21.42359262,0,0,0.003932393,,,,,,,,,,,
402,365.0727316,110.0459569,149.7230707,94.72241718,622.4849842,36102.56655,103.6689138,90.20335519,326.0821586,,,,,,,,,,,
403,0.000845071,0,0.00073961,0.006341633,0.562267779,38.0353091,0.000246535,0,0.000801228,,,,,,,,,,,
404,4.642431742,9.999569235,17.80583751,4.255884708,49.01984907,42.91339128,14.78843052,15.69414128,2.767542354,,,,,,,,,,,
405,175.4489556,156.2142187,152.7207809,117.8000981,69902.23963,6478741234,121.4634247,232.9019101,861.811144,,,,,,,,,,,
406,0.005983496,0,0,0.03161229,17.04418306,21.40728267,0,0,0.002928481,,,,,,,,,,,
407,354.1371876,113.4454988,140.8964532,102.6882308,624.720259,36053.08947,128.4242133,87.27726628,360.0788044,,,,,,,,,,,
408,0.000761292,0,0.000328581,0.006299012,0.564851524,38.92562372,0,0.000246535,0.000758871,,,,,,,,,,,
409,4.732440461,10.21960663,15.91979266,5.853707523,50.3061477,42.04706708,14.54656311,14.8805132,4.826219164,,,,,,,,,,,
410,280.0389293,196.2676124,325.7315097,89.84756206,51683.17396,5878652035,97.19290473,105.4983664,154.3991334,,,,,,,,,,,
411,0.725484799,0,0,0.025797538,19.6564844,21.40427486,0,0,0.003446877,,,,,,,,,,,
412,372.79877,134.9448277,99.79517822,94.21481137,662.779926,34290.92344,102.672859,97.37714526,362.8173174,,,,,,,,,,,
413,0.000642651,0,0.001150723,0.00597716,0.611867184,36.07981003,0.000246535,0,0.000893112,,,,,,,,,,,
414,5.510443561,13.26929113,17.88140689,4.799732956,50.60916047,42.71894988,16.50067364,16.9271629,4.627022726,,,,,,,,,,,
415,806.4686326,634.5530279,766.8041961,488.537367,30009.68748,7498723272,489.6244722,602.5712673,604.0531758,,,,,,,,,,,
416,0.045393702,0,0,0.027521155,20.1225979,21.38881766,0,0,0.003088827,,,,,,,,,,,
417,363.6561849,192.7658887,88.99592575,90.57755423,601.3231151,39018.15853,94.37480074,104.5785431,372.6950706,,,,,,,,,,,
418,0.000689116,0,0.000493075,0.006051524,0.593025149,37.39856191,0,0.000410536,0.001093434,,,,,,,,,,,
419,3.77323,9.164479127,17.80390282,4.949766339,49.43254142,42.87131459,16.59807535,16.90107786,4.03792416,,,,,,,,,,,
420,129.604102,129.7457624,70.01104519,52.448091,92058.84816,6831722142,47.8350898,47.8255329,89.64217977,,,,,,,,,,,
421,0.221339532,0,0,0.032039284,19.66337789,21.41006108,0,0,0.003608647,,,,,,,,,,,
422,352.3424951,155.1684922,221.8029037,101.3985437,618.48177,36553.78794,114.611019,98.90080788,359.3178548,,,,,,,,,,,
423,0.000594463,0,0,0.007384658,0.59249574,37.59615208,0,0,0.001993337,,,,,,,,,,,
424,4.909243925,10.55161209,16.18746158,4.082824005,48.6706615,42.22514863,16.05710684,16.25658278,3.323759133,,,,,,,,,,,
425,424.7213118,337.9030473,527.3600762,413.5985206,26308.9655,6712648500,444.9312149,263.6110696,723.9411453,,,,,,,,,,,
426,0.01449684,0,0,0.021746054,19.67971175,21.37672709,0,0,0.003502114,,,,,,,,,,,
427,367.5967884,183.12542,114.0195669,92.6999653,627.1719804,35057.13838,127.8859581,112.6615235,351.7926375,,,,,,,,,,,
428,0.000879049,0,0.00024654,0.006163478,0.590575463,38.00571752,0.000246535,0.000246535,0.000760984,,,,,,,,,,,
429,3.818066273,10.35180275,18.51140301,4.706516338,49.271063,42.51425194,18.31941064,16.61712136,3.102278641,,,,,,,,,,,
430,467.0651943,825.6744467,701.8092539,557.0214498,8850.206475,6564162712,405.7668787,411.9296424,981.1685542,,,,,,,,,,,
431,0.163854569,0,0,0.036001626,20.1699876,21.41246655,0,0,0.004055147,,,,,,,,,,,
432,374.6278276,141.0300907,109.9166458,99.14959406,650.7700885,35825.8212,79.81497893,94.12127482,353.7374276,,,,,,,,,,,
433,0.000616788,0,0,0.008246188,0.572538617,37.58178703,0,0.000246535,0.001432583,,,,,,,,,,,
434,3.895651288,10.0667249,16.4303778,5.776997693,49.98984858,42.53452245,15.05973839,17.46597331,4.150525568,,,,,,,,,,,
435,764.9947842,134.0778511,910.604913,601.1309283,48860.2727,5081660877,249.9990234,297.4293828,1476.06267,,,,,,,,,,,
436,0.652736855,0,0,0.026354316,20.15535249,21.39840761,0,0,0.003390807,,,,,,,,,,,
437,370.0114773,136.6611255,158.1040746,100.0923015,634.0346395,37130.40995,74.02596908,98.64140255,374.6963007,,,,,,,,,,,
438,0.000617589,0,0.001643222,0.007483448,0.572353653,37.08856484,0,0,0.000842136,,,,,,,,,,,
439,3.418772076,11.0887427,19.18943992,4.131088165,49.83870493,42.50457594,15.77269246,14.39860925,4.022823136,,,,,,,,,,,
440,557.7671067,551.4849986,1194.738603,671.7580216,8727.42962,6202478542,319.0217547,460.865194,524.3680647,,,,,,,,,,,
441,0.188899463,0,0,0.021043004,20.16960673,21.40724449,0,0,0.0036913,,,,,,,,,,,
442,365.698077,129.8417252,136.2962817,102.3634136,609.5757709,35280.10455,127.7199922,108.9136662,373.8844112,,,,,,,,,,,
443,0.000657456,0.000246535,0.0011499,0.006694549,0.591893559,35.66889274,0.00049307,0.000246536,0.000720951,,,,,,,,,,,
444,3.330982458,9.156370207,16.65889886,3.524436088,48.3695312,42.63042961,14.96984033,15.49047248,4.038448391,,,,,,,,,,,
445,194.4014935,276.8829619,270.4417452,86.2106131,35953.2872,6400765978,256.0866535,178.2321138,176.1645695,,,,,,,,,,,
446,1.120507179,0,0,0.025190791,18.62836718,21.40658466,0,0,0.003435375,,,,,,,,,,,
447,366.5369547,166.9978953,108.589732,92.37491906,629.4800141,36860.79624,97.07776791,94.83332216,367.9112892,,,,,,,,,,,
448,0.00059687,0,0.000246566,0.007135626,0.580133882,36.84349898,0,0.000246535,0.001087881,,,,,,,,,,,
449,5.514754244,9.292389019,15.72754703,4.199436855,48.92025275,42.9303142,15.75984745,15.95970433,3.463503202,,,,,,,,,,,
450,1175.152795,1345.280996,1050.855427,861.2437646,15610.19841,6434518888,449.2407956,162.9218229,962.7147502,,,,,,,,,,,
451,0.009601131,0,0,0.025011821,20.11330286,21.38877538,0,0,0.00368819,,,,,,,,,,,
452,349.8110645,136.0607487,123.2387818,94.81355373,645.5575028,36077.5217,121.009482,115.4916078,371.6143927,,,,,,,,,,,
453,0.000673292,0,0.001231491,0.006532363,0.582008179,34.56395602,0,0,0.000796142,,,,,,,,,,,
454,3.990354983,11.06903926,17.11106228,5.670698252,48.67481945,42.58050262,16.22943525,16.20983044,4.165085748,,,,,,,,,,,
455,11228.06983,4493.661555,5151.195989,7256.540899,5992.234919,16578.49856,4899.654753,3792.171824,9965.100501,,,,,,,,,,,
456,181.7619606,295.0790149,107.6990108,78.68046033,62761.86664,7319836226,63.10168778,212.3393722,158.0964372,,,,,,,,,,,
457,0.007699938,0,0,0.053500151,19.5640495,21.4025654,0,0,0.003116685,,,,,,,,,,,
458,357.871686,132.3027525,185.1888375,93.25783449,629.013383,36736.37944,122.4503635,118.4292917,363.8875361,,,,,,,,,,,
459,0.000623456,0,0.000246542,0.006706283,0.59324615,37.01699665,0.000574701,0,0.001293871,,,,,,,,,,,
460,4.394221101,12.3039131,18.37554199,4.863011252,49.84107979,43.0985421,16.67936085,15.7213885,3.738068275,,,,,,,,,,,
461,10590.29263,4708.671484,5134.463593,6674.384545,5728.552362,16524.73066,3984.901029,3918.793337,10604.0693,,,,,,,,,,,
462,251.6086136,330.7125527,127.5270644,93.41918595,30037.66919,6820256499,232.9306637,167.0624377,576.3316817,,,,,,,,,,,
463,0.02448152,0,0,0.027289254,19.63154692,21.40485052,0,0,0.003246677,,,,,,,,,,,
464,342.7361421,135.2337131,96.38677919,98.61998178,641.2858684,39528.24667,130.2720398,120.486945,364.8353381,,,,,,,,,,,
465,0.000904978,0,0.000575118,0.006232083,0.591518648,38.23219055,0,0,0.001101211,,,,,,,,,,,
466,4.29288202,10.82107613,16.24467558,4.669622438,48.47775808,42.74830201,16.94074444,17.33558796,3.427909216,,,,,,,,,,,
467,10689.73774,4915.052725,5481.709558,7166.668391,5986.527636,16606.31812,4948.962207,5280.169999,10992.75171,,,,,,,,,,,
468,546.560185,183.8992584,419.7639348,204.0089527,65405.42842,5926393976,82.52970372,61.93982693,339.8934833,,,,,,,,,,,
469,0.895611424,0,0,0.02649267,20.16007246,21.40234085,0,0,0.004166689,,,,,,,,,,,
470,349.6954623,130.1133347,108.9680422,100.3918437,613.9097675,36622.85861,127.7708572,118.5521981,366.9463946,,,,,,,,,,,
471,0.000647742,0,0.000739622,0.007947271,0.573278124,35.44863144,0,0.001972935,0.000900533,,,,,,,,,,,
472,3.84340524,9.674091443,16.89686213,5.120365793,50.11695865,42.80094686,14.67192431,15.12951321,3.73526678,,,,,,,,,,,
473,10371.69313,4295.43883,5305.630173,6959.125806,5799.117035,16623.39478,4757.841169,3840.172396,9874.261555,,,,,,,,,,,
474,392.4961634,638.2165547,1095.258777,641.3300548,10917.06616,6177094985,624.9843216,875.1766751,1112.70028,,,,,,,,,,,
475,0.885366926,0,0,0.688721489,20.17494236,21.4218119,0,0,0.003699753,,,,,,,,,,,
476,367.7915035,168.9823331,153.8370527,96.07275337,643.0909757,34077.50547,89.99476376,120.0355186,365.8565112,,,,,,,,,,,
477,0.000570964,0,0.001806563,0.006769615,0.583734943,36.61686244,0,0,0.000744823,,,,,,,,,,,
478,4.263760911,10.37308944,16.64615939,4.263969949,49.97942304,42.58700811,16.71140633,18.02528191,4.34905149,,,,,,,,,,,
479,10609.24362,5002.443909,5620.642767,6890.050485,6007.654927,16990.43449,5020.566959,4204.293032,11396.84598,,,,,,,,,,,
480,398.8170106,617.3609171,603.6728959,721.5922867,44335.91709,6287477131,598.2807614,536.3763942,488.9838921,,,,,,,,,,,
481,0.15939237,0,0,0.023018862,20.13576954,21.39410438,0,0,0.003709571,,,,,,,,,,,
482,336.9743114,123.6474078,127.187303,99.2468665,659.5822205,37468.09698,93.64550246,149.7953688,372.8782231,,,,,,,,,,,
483,0.000601755,0,0.001643238,0.006838144,0.567418195,34.39191848,0,0,0.00079592,,,,,,,,,,,
484,5.480776831,12.5244173,16.29225601,5.36994982,49.83602801,42.74734251,17.66071134,13.7285206,3.893092156,,,,,,,,,,,
485,10818.75992,5270.103723,5898.517765,7517.608509,6029.918505,16812.47064,5097.027366,4197.451552,11919.87031,,,,,,,,,,,
486,422.0377751,326.2771331,199.9475436,225.0384533,39643.2773,7041797746,115.8624988,178.580385,295.3915293,,,,,,,,,,,
487,0.357553391,0,0,0.024480192,20.15125519,21.40054395,0,0.205416397,0.003831851,,,,,,,,,,,
488,381.0025383,154.4679997,171.5751166,92.66541755,622.3247879,35718.77247,140.3220683,135.1344224,351.2432145,,,,,,,,,,,
489,0.000536774,0,0.00024654,0.005565822,0.575541437,38.51537614,0,0,0.000803856,,,,,,,,,,,
490,4.720905279,10.24731986,17.79379465,4.838680137,49.17058811,42.41088744,15.33547953,17.32044417,3.02881787,,,,,,,,,,,
491,9777.742301,4346.190391,4911.933434,6697.299527,5068.272348,16716.09675,4108.887877,3126.010147,10590.05508,,,,,,,,,,,
492,313.7495775,352.870337,308.174892,227.9910367,46542.80949,7120441489,157.5154548,128.3056463,733.2586035,,,,,,,,,,,
493,0.215176118,0,0,0.023716855,20.13632343,21.40759889,0,0,0.004058052,,,,,,,,,,,
494,357.4308132,158.345641,147.4742104,93.80034043,625.5685463,36660.82612,130.0329142,113.2625067,369.4708484,,,,,,,,,,,
495,0.000928643,0,0.000493074,0.00595267,0.577772056,35.36046501,0.00049308,0.002464198,0.001229884,,,,,,,,,,,
496,4.031370386,11.40139758,16.15593709,3.816709419,48.86326645,42.68956801,15.81958781,15.7018898,3.838669222,,,,,,,,,,,
497,11377.41368,5028.612604,5077.309566,6886.480367,5813.892516,16784.10409,4876.923594,3632.973936,11182.69464,,,,,,,,,,,
498,451.9603851,129.5677464,121.7574529,146.4512906,54328.82905,6788040477,58.72486994,259.0716495,128.4534887,,,,,,,,,,,
499,0.104138376,0,0,0.024976647,20.17888395,21.41114792,0,0,0.003870507,,,,,,,,,,,
